id,text,title,source,subreddit,type,url,score,word_count,crawled_at
post_1riailf,"rsingapore random discussion and small questions thread for March 02, 2026","rsingapore random discussion and small questions thread for March 02, 2026",old_reddit_selenium,singapore,submission,https://old.reddit.com/r/singapore/comments/1riailf/rsingapore_random_discussion_and_small_questions/,6,11,2026-03-02T18:11:23.697725
post_1rie5bd,How South Korea nudged its birth rate back up  and what Singapore can learn,How South Korea nudged its birth rate back up  and what Singapore can learn,old_reddit_selenium,singapore,submission,https://old.reddit.com/r/singapore/comments/1rie5bd/how_south_korea_nudged_its_birth_rate_back_up_and/,239,14,2026-03-02T18:11:23.737711
post_1rik306,Anyone remembers the 2016 hidden object video game Criminal Case World Edition that had an episode set in Singapore? The research by French company Pretty Simple is miles better than majority of Hollywood movies. I love how they incorporated Singlish into the dialogue.,Anyone remembers the 2016 hidden object video game Criminal Case World Edition that had an episode set in Singapore? The research by French company Pretty Simple is miles better than majority of Hollywood movies. I love how they incorporated Singlish into the dialogue.,old_reddit_selenium,singapore,submission,https://old.reddit.com/r/singapore/comments/1rik306/anyone_remembers_the_2016_hidden_object_video/,95,43,2026-03-02T18:11:23.756073
post_1rilu4l,Pokemon Center Singapore to temporarily close from Apr 1 as part of renewal works,Pokemon Center Singapore to temporarily close from Apr 1 as part of renewal works,old_reddit_selenium,singapore,submission,https://old.reddit.com/r/singapore/comments/1rilu4l/pokemon_center_singapore_to_temporarily_close/,67,14,2026-03-02T18:11:23.772330
post_1rimlzx,First phase of Greater Sentosa upgrade begins Orchard Road refresh ongoing Alvin Tan,First phase of Greater Sentosa upgrade begins Orchard Road refresh ongoing Alvin Tan,old_reddit_selenium,singapore,submission,https://old.reddit.com/r/singapore/comments/1rimlzx/first_phase_of_greater_sentosa_upgrade_begins/,24,13,2026-03-02T18:11:23.854899
post_1rhwlm0,LCS goalkeeper Ivan Susan scores fantastic last minute equaliser against Alberix,LCS goalkeeper Ivan Susan scores fantastic last minute equaliser against Alberix,old_reddit_selenium,singapore,submission,https://old.reddit.com/r/singapore/comments/1rhwlm0/lcs_goalkeeper_ivan_susan_scores_fantastic_last/,214,11,2026-03-02T18:11:23.873057
post_1rhtcg8,Singapore on inflation alert as Gulf conflict threatens oil and natural gas price surge,Singapore on inflation alert as Gulf conflict threatens oil and natural gas price surge,old_reddit_selenium,singapore,submission,https://old.reddit.com/r/singapore/comments/1rhtcg8/singapore_on_inflation_alert_as_gulf_conflict/,217,14,2026-03-02T18:11:23.909066
post_1rins29,Singapore launches Champions of AI programme to drive company-wide transformation,Singapore launches Champions of AI programme to drive company-wide transformation,old_reddit_selenium,singapore,submission,https://old.reddit.com/r/singapore/comments/1rins29/singapore_launches_champions_of_ai_programme_to/,0,10,2026-03-02T18:11:23.924780
post_1rhp9xc,Singaporeans in the Middle East urged to exercise caution amid amid US-Israel attack on Iran,Singaporeans in the Middle East urged to exercise caution amid amid US-Israel attack on Iran,old_reddit_selenium,singapore,submission,https://old.reddit.com/r/singapore/comments/1rhp9xc/singaporeans_in_the_middle_east_urged_to_exercise/,80,15,2026-03-02T18:11:24.005071
post_1riclam,From Ipoh to Singapore Ah Beng Vs Liang Po Po and the economics of cross-border jobs,From Ipoh to Singapore Ah Beng Vs Liang Po Po and the economics of cross-border jobs,old_reddit_selenium,singapore,submission,https://old.reddit.com/r/singapore/comments/1riclam/from_ipoh_to_singapore_ah_beng_vs_liang_po_po_and/,0,16,2026-03-02T18:11:24.036432
post_1rhn16m,Heritage food with a modern touch How two food families in Singapore are drawing new customers,Heritage food with a modern touch How two food families in Singapore are drawing new customers,old_reddit_selenium,singapore,submission,https://old.reddit.com/r/singapore/comments/1rhn16m/heritage_food_with_a_modern_touch_how_two_food/,29,16,2026-03-02T18:11:24.052167
post_1rh6uo5,"Singapore 'deeply concerned' by US, Israeli strikes on Iran Faishal Ibrahim","Singapore 'deeply concerned' by US, Israeli strikes on Iran Faishal Ibrahim",old_reddit_selenium,singapore,submission,https://old.reddit.com/r/singapore/comments/1rh6uo5/singapore_deeply_concerned_by_us_israeli_strikes/,234,11,2026-03-02T18:11:24.070079
post_1rh44ar,"Security stepped up at Singapore's checkpoints following US, Israeli strikes on Iran","Security stepped up at Singapore's checkpoints following US, Israeli strikes on Iran",old_reddit_selenium,singapore,submission,https://old.reddit.com/r/singapore/comments/1rh44ar/security_stepped_up_at_singapores_checkpoints/,203,12,2026-03-02T18:11:24.085787
post_1rh05wy,"New vape laws mooted to raise fines to 10k for users, 200k for sellers, 300k for smugglers","New vape laws mooted to raise fines to 10k for users, 200k for sellers, 300k for smugglers",old_reddit_selenium,singapore,submission,https://old.reddit.com/r/singapore/comments/1rh05wy/new_vape_laws_mooted_to_raise_fines_to_10k_for/,315,17,2026-03-02T18:11:24.101477
post_1rh35sl,"Tensions in the Middle East will affect energy prices and impact countries far away, like Singapore SM Lee","Tensions in the Middle East will affect energy prices and impact countries far away, like Singapore SM Lee",old_reddit_selenium,singapore,submission,https://old.reddit.com/r/singapore/comments/1rh35sl/tensions_in_the_middle_east_will_affect_energy/,168,18,2026-03-02T18:11:29.487143
post_1rgrpv3,"PSPs Stephanie Tan argues that Singapore must tackle work-life pressures, housing costs, caregiving burdens, and fertility support if we are serious about achieving Indranee's ""marriage and parenthood reset""","PSPs Stephanie Tan argues that Singapore must tackle work-life pressures, housing costs, caregiving burdens, and fertility support if we are serious about achieving Indranee's ""marriage and parenthood reset""",old_reddit_selenium,singapore,submission,https://old.reddit.com/r/singapore/comments/1rgrpv3/psps_stephanie_tan_argues_that_singapore_must/,1015,28,2026-03-02T18:11:29.526262
post_1rh472t,"Goalkeeper Ivan Susak scores for Lion City Sailor, as they hang on 3-3 to draw Albirex Niigata keeping their unbeaten run","Goalkeeper Ivan Susak scores for Lion City Sailor, as they hang on 3-3 to draw Albirex Niigata keeping their unbeaten run",old_reddit_selenium,singapore,submission,https://old.reddit.com/r/singapore/comments/1rh472t/goalkeeper_ivan_susak_scores_for_lion_city_sailor/,90,21,2026-03-02T18:11:29.544958
post_1rhfcib,"rsingapore random discussion and small questions thread for March 01, 2026","rsingapore random discussion and small questions thread for March 01, 2026",old_reddit_selenium,singapore,submission,https://old.reddit.com/r/singapore/comments/1rhfcib/rsingapore_random_discussion_and_small_questions/,7,11,2026-03-02T18:11:29.626959
post_1rgna18,"Shock, frustration as riders, eateries and users rue Deliveroos Singapore exit","Shock, frustration as riders, eateries and users rue Deliveroos Singapore exit",old_reddit_selenium,singapore,submission,https://old.reddit.com/r/singapore/comments/1rgna18/shock_frustration_as_riders_eateries_and_users/,387,11,2026-03-02T18:11:29.645017
post_1rgt4fc,Reddit wars Whats driving Singapores largest online communities,Reddit wars Whats driving Singapores largest online communities,old_reddit_selenium,singapore,submission,https://old.reddit.com/r/singapore/comments/1rgt4fc/reddit_wars_whats_driving_singapores_largest/,142,8,2026-03-02T18:11:29.678774
post_1rgu8dv,Qantas almost doubles A380 Singapore  Sydney services,Qantas almost doubles A380 Singapore  Sydney services,old_reddit_selenium,singapore,submission,https://old.reddit.com/r/singapore/comments/1rgu8dv/qantas_almost_doubles_a380_singapore_sydney/,65,7,2026-03-02T18:11:29.729176
post_1rgotxz,Bosses throwing whiteboard dusters Why some workers closed the door on SME employers,Bosses throwing whiteboard dusters Why some workers closed the door on SME employers,old_reddit_selenium,singapore,submission,https://old.reddit.com/r/singapore/comments/1rgotxz/bosses_throwing_whiteboard_dusters_why_some/,121,13,2026-03-02T18:11:29.745020
post_1rg5pxb,Singaporean doctor in Melbourne now faces 910 charges for allegedly filming colleagues in toilets,Singaporean doctor in Melbourne now faces 910 charges for allegedly filming colleagues in toilets,old_reddit_selenium,singapore,submission,https://old.reddit.com/r/singapore/comments/1rg5pxb/singaporean_doctor_in_melbourne_now_faces_910/,353,14,2026-03-02T18:11:29.777195
post_1rfqh4z,Singaporeans don't want a Nordic model. We want to keep winning.,Singaporeans don't want a Nordic model. We want to keep winning.,old_reddit_selenium,singapore,submission,https://old.reddit.com/r/singapore/comments/1rfqh4z/singaporeans_dont_want_a_nordic_model_we_want_to/,2555,11,2026-03-02T18:11:29.827900
post_1rgc2vf,Two SIA transit passengers infected with measles before arrival in Singapore CDA,Two SIA transit passengers infected with measles before arrival in Singapore CDA,old_reddit_selenium,singapore,submission,https://old.reddit.com/r/singapore/comments/1rgc2vf/two_sia_transit_passengers_infected_with_measles/,94,12,2026-03-02T18:11:29.843507
post_1rgb250,What we now know about inequality in Singapore,What we now know about inequality in Singapore,old_reddit_selenium,singapore,submission,https://old.reddit.com/r/singapore/comments/1rgb250/what_we_now_know_about_inequality_in_singapore/,89,8,2026-03-02T18:11:29.861983
post_1rg8dbi,Is COMPASS missing the forest for the trees? The real issue with the Singaporean Glass Ceiling ?,Is COMPASS missing the forest for the trees? The real issue with the Singaporean Glass Ceiling ?,old_reddit_selenium,singapore,submission,https://old.reddit.com/r/singapore/comments/1rg8dbi/is_compass_missing_the_forest_for_the_trees_the/,75,17,2026-03-02T18:11:34.691916
post_1rg3yz3,"Spore to tighten demerit points system, lower alcohol limits, amid worsening road traffic situation","Spore to tighten demerit points system, lower alcohol limits, amid worsening road traffic situation",old_reddit_selenium,singapore,submission,https://old.reddit.com/r/singapore/comments/1rg3yz3/spore_to_tighten_demerit_points_system_lower/,131,14,2026-03-02T18:11:34.709224
post_1rgkcrg,"rsingapore random discussion and small questions thread for February 28, 2026","rsingapore random discussion and small questions thread for February 28, 2026",old_reddit_selenium,singapore,submission,https://old.reddit.com/r/singapore/comments/1rgkcrg/rsingapore_random_discussion_and_small_questions/,11,11,2026-03-02T18:11:34.746123
post_1rg0al6,Singapore to build new multi-mission range complex in Bedok by 2031,Singapore to build new multi-mission range complex in Bedok by 2031,old_reddit_selenium,singapore,submission,https://old.reddit.com/r/singapore/comments/1rg0al6/singapore_to_build_new_multimission_range_complex/,106,11,2026-03-02T18:11:34.781029
post_1rg20j7,Spore must retain ability to say no even if it has to pay a price for position on issues Vivian,Spore must retain ability to say no even if it has to pay a price for position on issues Vivian,old_reddit_selenium,singapore,submission,https://old.reddit.com/r/singapore/comments/1rg20j7/spore_must_retain_ability_to_say_no_even_if_it/,67,20,2026-03-02T18:11:34.796870
post_1rg36pt,Singapore third highest military spender globally,Singapore third highest military spender globally,old_reddit_selenium,singapore,submission,https://old.reddit.com/r/singapore/comments/1rg36pt/singapore_third_highest_military_spender_globally/,46,6,2026-03-02T18:11:34.814651
post_1rfvrqk,450 high-net-worth investors granted Singapore PR under Global Investor Programme from 2015 to 2025,450 high-net-worth investors granted Singapore PR under Global Investor Programme from 2015 to 2025,old_reddit_selenium,singapore,submission,https://old.reddit.com/r/singapore/comments/1rfvrqk/450_highnetworth_investors_granted_singapore_pr/,128,14,2026-03-02T18:11:34.830561
post_1rg1kf2,2506 Singapore Buses and light rail taken in 2001 by Dave Spencer Youtube Version,2506 Singapore Buses and light rail taken in 2001 by Dave Spencer Youtube Version,old_reddit_selenium,singapore,submission,https://old.reddit.com/r/singapore/comments/1rg1kf2/2506_singapore_buses_and_light_rail_taken_in_2001/,31,14,2026-03-02T18:11:34.848422
post_1rh6r7n,"Singapore, Sovereignty, and the Myth of the Libertarian City-State Why Network States Will Never Replace Nation-States","Singapore, Sovereignty, and the Myth of the Libertarian City-State Why Network States Will Never Replace Nation-States",old_reddit_selenium,singapore,submission,https://old.reddit.com/r/singapore/comments/1rh6r7n/singapore_sovereignty_and_the_myth_of_the/,0,16,2026-03-02T18:11:34.880255
post_1rfnx4w,"English Premier League to launch direct streaming in Singapore, looking 'around the world'","English Premier League to launch direct streaming in Singapore, looking 'around the world'",old_reddit_selenium,singapore,submission,https://old.reddit.com/r/singapore/comments/1rfnx4w/english_premier_league_to_launch_direct_streaming/,139,13,2026-03-02T18:11:34.898602
post_1rf5m5c,Singapores total fertility rate drops to historic low of 0.87 in 2025,Singapores total fertility rate drops to historic low of 0.87 in 2025,old_reddit_selenium,singapore,submission,https://old.reddit.com/r/singapore/comments/1rf5m5c/singapores_total_fertility_rate_drops_to_historic/,977,12,2026-03-02T18:11:34.933823
post_1rfch3w,Trading card packs to be regulated in Singapore to manage gambling risks MHA,Trading card packs to be regulated in Singapore to manage gambling risks MHA,old_reddit_selenium,singapore,submission,https://old.reddit.com/r/singapore/comments/1rfch3w/trading_card_packs_to_be_regulated_in_singapore/,313,13,2026-03-02T18:11:34.950009
post_1rg0wj2,"Queenstown Sport Centre hit by renovation delays, cites adverse weather  supply issues - Mothership.SG","Queenstown Sport Centre hit by renovation delays, cites adverse weather  supply issues - Mothership.SG",old_reddit_selenium,singapore,submission,https://old.reddit.com/r/singapore/comments/1rg0wj2/queenstown_sport_centre_hit_by_renovation_delays/,11,14,2026-03-02T18:11:34.968025
post_1rfch82,Why are there so many committees formed the last one week on the SG news?,Why are there so many committees formed the last one week on the SG news?,old_reddit_selenium,singapore,submission,https://old.reddit.com/r/singapore/comments/1rfch82/why_are_there_so_many_committees_formed_the_last/,221,15,2026-03-02T18:11:34.985870
post_1rgecv9,Rise Of The Middle Powers Wong And Singapores Network Design,Rise Of The Middle Powers Wong And Singapores Network Design,old_reddit_selenium,singapore,submission,https://old.reddit.com/r/singapore/comments/1rgecv9/rise_of_the_middle_powers_wong_and_singapores/,0,10,2026-03-02T18:11:35.068893
post_1rftr8a,Commentary Singapores best defence against Nipah virus isnt temperature screening at the airport,Commentary Singapores best defence against Nipah virus isnt temperature screening at the airport,old_reddit_selenium,singapore,submission,https://old.reddit.com/r/singapore/comments/1rftr8a/commentary_singapores_best_defence_against_nipah/,13,13,2026-03-02T18:11:39.923448
post_1rf1yqe,About 90 drop in fresh grads applying for Singapore industry traineeships,About 90 drop in fresh grads applying for Singapore industry traineeships,old_reddit_selenium,singapore,submission,https://old.reddit.com/r/singapore/comments/1rf1yqe/about_90_drop_in_fresh_grads_applying_for/,473,11,2026-03-02T18:11:39.989191
post_1rf5erj,Apple to block underage users in Singapore from 18 apps,Apple to block underage users in Singapore from 18 apps,old_reddit_selenium,singapore,submission,https://old.reddit.com/r/singapore/comments/1rf5erj/apple_to_block_underage_users_in_singapore_from/,221,10,2026-03-02T18:11:40.009268
post_1rf4qr8,The website of the Peoples Power Party has been taken over by an unaffiliated entity,The website of the Peoples Power Party has been taken over by an unaffiliated entity,old_reddit_selenium,singapore,submission,https://old.reddit.com/r/singapore/comments/1rf4qr8/the_website_of_the_peoples_power_party_has_been/,155,15,2026-03-02T18:11:40.027387
post_1rfuy86,"Singapores Parf rebate cut likely to drive up EV sales, but financial and infrastructure hurdles linger","Singapores Parf rebate cut likely to drive up EV sales, but financial and infrastructure hurdles linger",old_reddit_selenium,singapore,submission,https://old.reddit.com/r/singapore/comments/1rfuy86/singapores_parf_rebate_cut_likely_to_drive_up_ev/,5,16,2026-03-02T18:11:40.043722
post_1rgr9pf,Why Is Singapore So Safe?  AB Explained,Why Is Singapore So Safe?  AB Explained,old_reddit_selenium,singapore,submission,https://old.reddit.com/r/singapore/comments/1rgr9pf/why_is_singapore_so_safe_ab_explained/,0,7,2026-03-02T18:11:40.061765
post_1rfccei,"The former WeCinemas domain has also been taken over by a third party named Targa Limited, who took over the PPP domain. Wondering if this is a pattern.","The former WeCinemas domain has also been taken over by a third party named Targa Limited, who took over the PPP domain. Wondering if this is a pattern.",old_reddit_selenium,singapore,submission,https://old.reddit.com/r/singapore/comments/1rfccei/the_former_wecinemas_domain_has_also_been_taken/,38,28,2026-03-02T18:11:40.095363
post_1rfb8zs,SingLit books to buy with your SG Culture Pass credits,SingLit books to buy with your SG Culture Pass credits,old_reddit_selenium,singapore,submission,https://old.reddit.com/r/singapore/comments/1rfb8zs/singlit_books_to_buy_with_your_sg_culture_pass/,37,10,2026-03-02T18:11:40.111235
post_1rf5ed6,"Budget 2026 debate No 'jobless growth' in Singapore even as AI reshapes economy, says PM Wong","Budget 2026 debate No 'jobless growth' in Singapore even as AI reshapes economy, says PM Wong",old_reddit_selenium,singapore,submission,https://old.reddit.com/r/singapore/comments/1rf5ed6/budget_2026_debate_no_jobless_growth_in_singapore/,46,16,2026-03-02T18:11:40.191639
post_1rf25sc,"Workers Party chair Sylvia Lim raises concerns over Singpass, HDB closure and senior support","Workers Party chair Sylvia Lim raises concerns over Singpass, HDB closure and senior support",old_reddit_selenium,singapore,submission,https://old.reddit.com/r/singapore/comments/1rf25sc/workers_party_chair_sylvia_lim_raises_concerns/,69,14,2026-03-02T18:11:40.226296
post_1rfnvu4,"rsingapore random discussion and small questions thread for February 27, 2026","rsingapore random discussion and small questions thread for February 27, 2026",old_reddit_selenium,singapore,submission,https://old.reddit.com/r/singapore/comments/1rfnvu4/rsingapore_random_discussion_and_small_questions/,2,11,2026-03-02T18:11:40.244362
post_1rewxq7,"Singapore climbs past Vietnam in AFC Club Ranking, to rank 7th in east Asia. After back to back wins by Tampines Rovers against Cong An Ha noi. Singapore is now one spot away from a Champions League Elite slot.","Singapore climbs past Vietnam in AFC Club Ranking, to rank 7th in east Asia. After back to back wins by Tampines Rovers against Cong An Ha noi. Singapore is now one spot away from a Champions League Elite slot.",old_reddit_selenium,singapore,submission,https://old.reddit.com/r/singapore/comments/1rewxq7/singapore_climbs_past_vietnam_in_afc_club_ranking/,122,39,2026-03-02T18:11:40.262171
post_1rf06g7,Qantas to start first cabin crew base in Singapore,Qantas to start first cabin crew base in Singapore,old_reddit_selenium,singapore,submission,https://old.reddit.com/r/singapore/comments/1rf06g7/qantas_to_start_first_cabin_crew_base_in_singapore/,49,9,2026-03-02T18:11:43.992999
post_1rec0m0,Singapore Gifted Education Programme students - what are you doing now and how happy are you?,Singapore Gifted Education Programme students - what are you doing now and how happy are you?,old_reddit_selenium,singapore,submission,https://old.reddit.com/r/singapore/comments/1rec0m0/singapore_gifted_education_programme_students/,520,16,2026-03-02T18:11:44.032347
post_1rexqsq,"All of you who signed up for Coursera last minute to use expiring Skillsfuture credits, what have you done with them?","All of you who signed up for Coursera last minute to use expiring Skillsfuture credits, what have you done with them?",old_reddit_selenium,singapore,submission,https://old.reddit.com/r/singapore/comments/1rexqsq/all_of_you_who_signed_up_for_coursera_last_minute/,31,21,2026-03-02T18:11:44.051039
post_1re5uxl,Deliveroo ending SG operations on 4th March,Deliveroo ending SG operations on 4th March,old_reddit_selenium,singapore,submission,https://old.reddit.com/r/singapore/comments/1re5uxl/deliveroo_ending_sg_operations_on_4th_march/,871,7,2026-03-02T18:11:44.100549
post_1reeu5m,Where to watch Anime  Donghua legally in SG without paying a single cent for subscription,Where to watch Anime  Donghua legally in SG without paying a single cent for subscription,old_reddit_selenium,singapore,submission,https://old.reddit.com/r/singapore/comments/1reeu5m/where_to_watch_anime_donghua_legally_in_sg/,179,15,2026-03-02T18:11:44.136032
post_1re3z9s,Top 5 per cent of households own one-third of Singapore's wealth but data should be viewed with caution Jeffrey Siow,Top 5 per cent of households own one-third of Singapore's wealth but data should be viewed with caution Jeffrey Siow,old_reddit_selenium,singapore,submission,https://old.reddit.com/r/singapore/comments/1re3z9s/top_5_per_cent_of_households_own_onethird_of/,424,20,2026-03-02T18:11:44.167242
post_1re67pu,Deliveroo to cease operations in Singapore after Mar 4,Deliveroo to cease operations in Singapore after Mar 4,old_reddit_selenium,singapore,submission,https://old.reddit.com/r/singapore/comments/1re67pu/deliveroo_to_cease_operations_in_singapore_after/,219,9,2026-03-02T18:11:44.217333
post_1rdz5tb,SEAblings v Korea Online spat reveals long-buried racial tensions,SEAblings v Korea Online spat reveals long-buried racial tensions,old_reddit_selenium,singapore,submission,https://old.reddit.com/r/singapore/comments/1rdz5tb/seablings_v_korea_online_spat_reveals_longburied/,564,9,2026-03-02T18:11:44.233574
post_1rdxwji,CNA 25 Feb 0635hrs Singapore and PM Lawrence Wong targeted in AI-driven disinformation campaign on YouTube,CNA 25 Feb 0635hrs Singapore and PM Lawrence Wong targeted in AI-driven disinformation campaign on YouTube,old_reddit_selenium,singapore,submission,https://old.reddit.com/r/singapore/comments/1rdxwji/cna_25_feb_0635hrs_singapore_and_pm_lawrence_wong/,241,16,2026-03-02T18:11:44.370979
post_1rercl3,"rsingapore random discussion and small questions thread for February 26, 2026","rsingapore random discussion and small questions thread for February 26, 2026",old_reddit_selenium,singapore,submission,https://old.reddit.com/r/singapore/comments/1rercl3/rsingapore_random_discussion_and_small_questions/,2,11,2026-03-02T18:11:44.403946
post_1re5qj6,"Employment agent hatched scheme with accomplice to hire maids on paper for other work, gets jail","Employment agent hatched scheme with accomplice to hire maids on paper for other work, gets jail",old_reddit_selenium,singapore,submission,https://old.reddit.com/r/singapore/comments/1re5qj6/employment_agent_hatched_scheme_with_accomplice/,21,16,2026-03-02T18:11:48.184486
post_1rdkhq4,Ikea Singapores orang utan plushie out of stock after baby monkey Punch goes viral,Ikea Singapores orang utan plushie out of stock after baby monkey Punch goes viral,old_reddit_selenium,singapore,submission,https://old.reddit.com/r/singapore/comments/1rdkhq4/ikea_singapores_orang_utan_plushie_out_of_stock/,198,14,2026-03-02T18:11:48.203285
post_1rdfre6,Tim Hortons Singapore is now officially halal-certified,Tim Hortons Singapore is now officially halal-certified,old_reddit_selenium,singapore,submission,https://old.reddit.com/r/singapore/comments/1rdfre6/tim_hortons_singapore_is_now_officially/,274,7,2026-03-02T18:11:48.255202
post_1rdbzfn,"Almost 24,700 couples in Singapore said I do in 2025, lowest since 2020","Almost 24,700 couples in Singapore said I do in 2025, lowest since 2020",old_reddit_selenium,singapore,submission,https://old.reddit.com/r/singapore/comments/1rdbzfn/almost_24700_couples_in_singapore_said_i_do_in/,404,13,2026-03-02T18:11:48.271223
post_1rdkv1w,"S'porean woman posts TikTok of grandmother's 93rd birthday, ends up finding long-lost family she never knew about - Mothership.SG","S'porean woman posts TikTok of grandmother's 93rd birthday, ends up finding long-lost family she never knew about - Mothership.SG",old_reddit_selenium,singapore,submission,https://old.reddit.com/r/singapore/comments/1rdkv1w/sporean_woman_posts_tiktok_of_grandmothers_93rd/,100,19,2026-03-02T18:11:48.287233
post_1rdagdg,The Room That Changed the Most in Singapore Homes What Happened to Our Kitchens?,The Room That Changed the Most in Singapore Homes What Happened to Our Kitchens?,old_reddit_selenium,singapore,submission,https://old.reddit.com/r/singapore/comments/1rdagdg/the_room_that_changed_the_most_in_singapore_homes/,234,14,2026-03-02T18:11:48.352596
post_1rda8bl,Singapore confirms measles case in 11-month-old girl first involving child in preschool since stepped-up measures,Singapore confirms measles case in 11-month-old girl first involving child in preschool since stepped-up measures,old_reddit_selenium,singapore,submission,https://old.reddit.com/r/singapore/comments/1rda8bl/singapore_confirms_measles_case_in_11monthold/,138,15,2026-03-02T18:11:48.417764
post_1rdu84b,"rsingapore random discussion and small questions thread for February 25, 2026","rsingapore random discussion and small questions thread for February 25, 2026",old_reddit_selenium,singapore,submission,https://old.reddit.com/r/singapore/comments/1rdu84b/rsingapore_random_discussion_and_small_questions/,5,11,2026-03-02T18:11:48.483460
post_1rd65c4,"Actor Robert Downey Jr named godparent of Disney Adventure, to bless ship at christening ceremony","Actor Robert Downey Jr named godparent of Disney Adventure, to bless ship at christening ceremony",old_reddit_selenium,singapore,submission,https://old.reddit.com/r/singapore/comments/1rd65c4/actor_robert_downey_jr_named_godparent_of_disney/,33,15,2026-03-02T18:11:48.563265
post_1rcgnnk,"Man, 48, raped  impregnated intellectually disabled stepdaughter, then 14, gets 19 years 4 months' jail  16 cane strokes - Mothership.SG","Man, 48, raped  impregnated intellectually disabled stepdaughter, then 14, gets 19 years 4 months' jail  16 cane strokes - Mothership.SG",old_reddit_selenium,singapore,submission,https://old.reddit.com/r/singapore/comments/1rcgnnk/man_48_raped_impregnated_intellectually_disabled/,642,20,2026-03-02T18:11:48.580934
post_1rd0jx9,NTUC strengthening focus on youths as entry-level jobs feel 'some of the heat' from AI Ng Chee Meng,NTUC strengthening focus on youths as entry-level jobs feel 'some of the heat' from AI Ng Chee Meng,old_reddit_selenium,singapore,submission,https://old.reddit.com/r/singapore/comments/1rd0jx9/ntuc_strengthening_focus_on_youths_as_entrylevel/,60,18,2026-03-02T18:11:52.476060
post_1rclwub,Foreign visitor refusals at Singapores checkpoints rise 38.3 in 2025 ICA,Foreign visitor refusals at Singapores checkpoints rise 38.3 in 2025 ICA,old_reddit_selenium,singapore,submission,https://old.reddit.com/r/singapore/comments/1rclwub/foreign_visitor_refusals_at_singapores/,99,11,2026-03-02T18:11:52.531205
post_1rcck48,Crow shooting to resume in Singapore as attacks swell,Crow shooting to resume in Singapore as attacks swell,old_reddit_selenium,singapore,submission,https://old.reddit.com/r/singapore/comments/1rcck48/crow_shooting_to_resume_in_singapore_as_attacks/,254,9,2026-03-02T18:11:52.562829
post_1rc7nqi,"S'pore man's wallet stolen at Chinatown MRT, catches alleged thief after she spends S88 on 'bak kwa' - Mothership.SG","S'pore man's wallet stolen at Chinatown MRT, catches alleged thief after she spends S88 on 'bak kwa' - Mothership.SG",old_reddit_selenium,singapore,submission,https://old.reddit.com/r/singapore/comments/1rc7nqi/spore_mans_wallet_stolen_at_chinatown_mrt_catches/,452,19,2026-03-02T18:11:52.596722
post_1rcvfsp,"rsingapore random discussion and small questions thread for February 24, 2026","rsingapore random discussion and small questions thread for February 24, 2026",old_reddit_selenium,singapore,submission,https://old.reddit.com/r/singapore/comments/1rcvfsp/rsingapore_random_discussion_and_small_questions/,13,11,2026-03-02T18:11:52.614445
post_1rcai1a,"While reading up on islands around Singapore, I came across this documentary project, Island Nation, about people who once lived on the islands of southern Singapore. Produced by photographers Zakaria Zainal, Edwin Koo and Juliana Tan","While reading up on islands around Singapore, I came across this documentary project, Island Nation, about people who once lived on the islands of southern Singapore. Produced by photographers Zakaria Zainal, Edwin Koo and Juliana Tan",old_reddit_selenium,singapore,submission,https://old.reddit.com/r/singapore/comments/1rcai1a/while_reading_up_on_islands_around_singapore_i/,76,36,2026-03-02T18:11:52.679534
post_1rdhtkr,Budget 2026 debate Shawn Huang on the 3 kias that make Singapore successful,Budget 2026 debate Shawn Huang on the 3 kias that make Singapore successful,old_reddit_selenium,singapore,submission,https://old.reddit.com/r/singapore/comments/1rdhtkr/budget_2026_debate_shawn_huang_on_the_3_kias_that/,0,13,2026-03-02T18:11:52.729940
post_1rbr7rt,Did anyone feel tremors in Singapore?,Did anyone feel tremors in Singapore?,old_reddit_selenium,singapore,submission,https://old.reddit.com/r/singapore/comments/1rbr7rt/did_anyone_feel_tremors_in_singapore/,403,6,2026-03-02T18:11:52.747889
post_1rdahx7,Raising 5 Young Kids In Singapore How Budget 2026 Makes A Difference  Money Mind,Raising 5 Young Kids In Singapore How Budget 2026 Makes A Difference  Money Mind,old_reddit_selenium,singapore,submission,https://old.reddit.com/r/singapore/comments/1rdahx7/raising_5_young_kids_in_singapore_how_budget_2026/,0,14,2026-03-02T18:11:52.813478
post_1rc26j5,"7 ways to spend the night in Singapore, beyond clubbing and the usual supper spots","7 ways to spend the night in Singapore, beyond clubbing and the usual supper spots",old_reddit_selenium,singapore,submission,https://old.reddit.com/r/singapore/comments/1rc26j5/7_ways_to_spend_the_night_in_singapore_beyond/,14,15,2026-03-02T18:11:52.844924
post_1rbhc5m,"S'porean woman catches on CCTV man loitering outside her Punggol flat, allegedly finds semen on gate after","S'porean woman catches on CCTV man loitering outside her Punggol flat, allegedly finds semen on gate after",old_reddit_selenium,singapore,submission,https://old.reddit.com/r/singapore/comments/1rbhc5m/sporean_woman_catches_on_cctv_man_loitering/,159,17,2026-03-02T18:11:52.860797
post_1rbbx9p,The sense of disappointment and anger is still there  How the ghost of Kranji haunts ex-Singapore trainers,The sense of disappointment and anger is still there  How the ghost of Kranji haunts ex-Singapore trainers,old_reddit_selenium,singapore,submission,https://old.reddit.com/r/singapore/comments/1rbbx9p/the_sense_of_disappointment_and_anger_is_still/,246,17,2026-03-02T18:11:56.614811
post_1rd1dps,An Ever Given situation this morning,An Ever Given situation this morning,old_reddit_selenium,singapore,submission,https://old.reddit.com/r/singapore/comments/1rd1dps/an_ever_given_situation_this_morning/,0,6,2026-03-02T18:11:56.633286
post_1rbz2if,"rsingapore random discussion and small questions thread for February 23, 2026","rsingapore random discussion and small questions thread for February 23, 2026",old_reddit_selenium,singapore,submission,https://old.reddit.com/r/singapore/comments/1rbz2if/rsingapore_random_discussion_and_small_questions/,3,11,2026-03-02T18:11:56.651158
post_1rbftk5,Woman jailed for assaulting four in Singapore,Woman jailed for assaulting four in Singapore,old_reddit_selenium,singapore,submission,https://old.reddit.com/r/singapore/comments/1rbftk5/woman_jailed_for_assaulting_four_in_singapore/,68,7,2026-03-02T18:11:56.667659
post_1ranwoz,Punggol residents bemoan elderly neighbour allegedly cursing with incense sticks  banging walls daily for about 7 years - Mothership.SG,Punggol residents bemoan elderly neighbour allegedly cursing with incense sticks  banging walls daily for about 7 years - Mothership.SG,old_reddit_selenium,singapore,submission,https://old.reddit.com/r/singapore/comments/1ranwoz/punggol_residents_bemoan_elderly_neighbour/,155,19,2026-03-02T18:11:56.803191
post_1ralqcw,Merging studies with NS takes servicemen to front line of Singapores cyberdefence and AI,Merging studies with NS takes servicemen to front line of Singapores cyberdefence and AI,old_reddit_selenium,singapore,submission,https://old.reddit.com/r/singapore/comments/1ralqcw/merging_studies_with_ns_takes_servicemen_to_front/,167,14,2026-03-02T18:11:56.819161
post_1ragdsa,US tariffs on Singapore expected to stay unchanged as Trump imposes new 10 global levies,US tariffs on Singapore expected to stay unchanged as Trump imposes new 10 global levies,old_reddit_selenium,singapore,submission,https://old.reddit.com/r/singapore/comments/1ragdsa/us_tariffs_on_singapore_expected_to_stay/,211,15,2026-03-02T18:11:56.852850
post_1rb3unx,"rsingapore random discussion and small questions thread for February 22, 2026","rsingapore random discussion and small questions thread for February 22, 2026",old_reddit_selenium,singapore,submission,https://old.reddit.com/r/singapore/comments/1rb3unx/rsingapore_random_discussion_and_small_questions/,6,11,2026-03-02T18:11:56.888470
post_1raglcr,"Man, 51, from India, procured woman for prostitution in S'pore, gets 6 months' jail - Mothership.SG","Man, 51, from India, procured woman for prostitution in S'pore, gets 6 months' jail - Mothership.SG",old_reddit_selenium,singapore,submission,https://old.reddit.com/r/singapore/comments/1raglcr/man_51_from_india_procured_woman_for_prostitution/,163,16,2026-03-02T18:11:56.906298
post_1rahvh4,"Anwar, Lawrence Wong reaffirm Malaysia-Singapore cooperation in three-hour Seri Negara talks","Anwar, Lawrence Wong reaffirm Malaysia-Singapore cooperation in three-hour Seri Negara talks",old_reddit_selenium,singapore,submission,https://old.reddit.com/r/singapore/comments/1rahvh4/anwar_lawrence_wong_reaffirm_malaysiasingapore/,79,11,2026-03-02T18:11:56.958048
post_1radj7q,"'Aircon weather' in Singapore What's behind the rainy, cool week?","'Aircon weather' in Singapore What's behind the rainy, cool week?",old_reddit_selenium,singapore,submission,https://old.reddit.com/r/singapore/comments/1radj7q/aircon_weather_in_singapore_whats_behind_the/,45,10,2026-03-02T18:12:01.158511
post_1r9kkqk,Youre not imagining it Singapore homes are getting smaller,Youre not imagining it Singapore homes are getting smaller,old_reddit_selenium,singapore,submission,https://old.reddit.com/r/singapore/comments/1r9kkqk/youre_not_imagining_it_singapore_homes_are/,570,9,2026-03-02T18:12:01.247676
post_1ra2lgo,Little Professors Learning Centre termination MOE reviewing how student care operators are appointed,Little Professors Learning Centre termination MOE reviewing how student care operators are appointed,old_reddit_selenium,singapore,submission,https://old.reddit.com/r/singapore/comments/1ra2lgo/little_professors_learning_centre_termination_moe/,25,13,2026-03-02T18:12:01.279349
post_1r9ici6,"Men in monk robes ask for money in Bugis during CNY, public calls police - Mothership.SG","Men in monk robes ask for money in Bugis during CNY, public calls police - Mothership.SG",old_reddit_selenium,singapore,submission,https://old.reddit.com/r/singapore/comments/1r9ici6/men_in_monk_robes_ask_for_money_in_bugis_during/,338,16,2026-03-02T18:12:01.315984
post_1r9mai8,"PullBear to close all Singapore stores on Feb 22, returns to be made at Zara VivoCity","PullBear to close all Singapore stores on Feb 22, returns to be made at Zara VivoCity",old_reddit_selenium,singapore,submission,https://old.reddit.com/r/singapore/comments/1r9mai8/pullbear_to_close_all_singapore_stores_on_feb_22/,186,16,2026-03-02T18:12:01.331555
post_1ra8ys2,"rsingapore random discussion and small questions thread for February 21, 2026","rsingapore random discussion and small questions thread for February 21, 2026",old_reddit_selenium,singapore,submission,https://old.reddit.com/r/singapore/comments/1ra8ys2/rsingapore_random_discussion_and_small_questions/,6,11,2026-03-02T18:12:01.365312
post_1r9xxc7,"Singapore to ease Nipah virus measures, stop airport temperature screening as India outbreak stabilises","Singapore to ease Nipah virus measures, stop airport temperature screening as India outbreak stabilises",old_reddit_selenium,singapore,submission,https://old.reddit.com/r/singapore/comments/1r9xxc7/singapore_to_ease_nipah_virus_measures_stop/,22,14,2026-03-02T18:12:01.381120
post_1r9qcxo,A-level exam results to be released on Feb 27,A-level exam results to be released on Feb 27,old_reddit_selenium,singapore,submission,https://old.reddit.com/r/singapore/comments/1r9qcxo/alevel_exam_results_to_be_released_on_feb_27/,30,9,2026-03-02T18:12:01.414939
post_1r9juho,Crew member dies after fire on cruise ship en route to Singapore all 224 passengers safe,Crew member dies after fire on cruise ship en route to Singapore all 224 passengers safe,old_reddit_selenium,singapore,submission,https://old.reddit.com/r/singapore/comments/1r9juho/crew_member_dies_after_fire_on_cruise_ship_en/,52,16,2026-03-02T18:12:01.464532
post_1r9gyp8,America vs. Singapore You Cant Save Your Way out of Economic Shocks,America vs. Singapore You Cant Save Your Way out of Economic Shocks,old_reddit_selenium,singapore,submission,https://old.reddit.com/r/singapore/comments/1r9gyp8/america_vs_singapore_you_cant_save_your_way_out/,75,12,2026-03-02T18:12:01.480487
post_1r8mzu9,A Singaporean might had fought for Israel during the Gaza conflict according to Al Jazeera,A Singaporean might had fought for Israel during the Gaza conflict according to Al Jazeera,old_reddit_selenium,singapore,submission,https://old.reddit.com/r/singapore/comments/1r8mzu9/a_singaporean_might_had_fought_for_israel_during/,627,15,2026-03-02T18:12:06.270299
post_1r8s2jt,"TIL that we have the largest proportion of reclaimed land by percentage, but the Dutch have reclaimed more land than the entirety of Singapore.","TIL that we have the largest proportion of reclaimed land by percentage, but the Dutch have reclaimed more land than the entirety of Singapore.",old_reddit_selenium,singapore,submission,https://old.reddit.com/r/singapore/comments/1r8s2jt/til_that_we_have_the_largest_proportion_of/,215,24,2026-03-02T18:12:06.324330
post_1r8xjnd,"Nearly 200 Southeast Asians, including 2 Singaporeans, served in Israeli military IDF data","Nearly 200 Southeast Asians, including 2 Singaporeans, served in Israeli military IDF data",old_reddit_selenium,singapore,submission,https://old.reddit.com/r/singapore/comments/1r8xjnd/nearly_200_southeast_asians_including_2/,77,13,2026-03-02T18:12:06.340680
post_1r8y4lu,Singapore PM Lawrence Wong to visit Malaysia on Feb 20 at the invitation of PM Anwar Ibrahim,Singapore PM Lawrence Wong to visit Malaysia on Feb 20 at the invitation of PM Anwar Ibrahim,old_reddit_selenium,singapore,submission,https://old.reddit.com/r/singapore/comments/1r8y4lu/singapore_pm_lawrence_wong_to_visit_malaysia_on/,29,17,2026-03-02T18:12:06.392783
post_1r8trg9,Man in Teck Ghee estate in Ang Mo Kio insinuates it's alright to park illegally during CNY - Mothership.SG,Man in Teck Ghee estate in Ang Mo Kio insinuates it's alright to park illegally during CNY - Mothership.SG,old_reddit_selenium,singapore,submission,https://old.reddit.com/r/singapore/comments/1r8trg9/man_in_teck_ghee_estate_in_ang_mo_kio_insinuates/,51,19,2026-03-02T18:12:06.409623
post_1r9cuhc,"rsingapore random discussion and small questions thread for February 20, 2026","rsingapore random discussion and small questions thread for February 20, 2026",old_reddit_selenium,singapore,submission,https://old.reddit.com/r/singapore/comments/1r9cuhc/rsingapore_random_discussion_and_small_questions/,3,11,2026-03-02T18:12:06.428602
post_1r8k27z,Commentary Singapore films win international awards,Commentary Singapore films win international awards,old_reddit_selenium,singapore,submission,https://old.reddit.com/r/singapore/comments/1r8k27z/commentary_singapore_films_win_international/,81,6,2026-03-02T18:12:06.494804
post_1r848s8,"Tampines Rovers beat Cong An Ha noi 3-1, advancing to the quarter finals!","Tampines Rovers beat Cong An Ha noi 3-1, advancing to the quarter finals!",old_reddit_selenium,singapore,submission,https://old.reddit.com/r/singapore/comments/1r848s8/tampines_rovers_beat_cong_an_ha_noi_31_advancing/,148,13,2026-03-02T18:12:06.530843
post_1r7s2lk,"S'pore Tourism Board invites single Americans to look for love with aunties, not algorithms","S'pore Tourism Board invites single Americans to look for love with aunties, not algorithms",old_reddit_selenium,singapore,submission,https://old.reddit.com/r/singapore/comments/1r7s2lk/spore_tourism_board_invites_single_americans_to/,352,14,2026-03-02T18:12:06.583002
post_1r8gr9u,"rsingapore random discussion and small questions thread for February 19, 2026","rsingapore random discussion and small questions thread for February 19, 2026",old_reddit_selenium,singapore,submission,https://old.reddit.com/r/singapore/comments/1r8gr9u/rsingapore_random_discussion_and_small_questions/,9,11,2026-03-02T18:12:06.636726
post_1r7qbdb,"YouTube down for users in US, Singapore","YouTube down for users in US, Singapore",old_reddit_selenium,singapore,submission,https://old.reddit.com/r/singapore/comments/1r7qbdb/youtube_down_for_users_in_us_singapore/,175,7,2026-03-02T18:12:06.672061
post_1rih1e1,How is ABA like for entering NUS CHS?,How is ABA like for entering NUS CHS?,old_reddit_selenium,NUS,submission,https://old.reddit.com/r/nus/comments/1rih1e1/how_is_aba_like_for_entering_nus_chs/,2,8,2026-03-02T18:12:11.458499
post_1rikqum,PLEASE HELP! can i get into NUS CHS with 66.370rp and decent portfolio,PLEASE HELP! can i get into NUS CHS with 66.370rp and decent portfolio,old_reddit_selenium,NUS,submission,https://old.reddit.com/r/nus/comments/1rikqum/please_help_can_i_get_into_nus_chs_with_66370rp/,0,13,2026-03-02T18:12:11.496779
post_1rigoby,Questions MTL Bonus Points Scheme CHS,Questions MTL Bonus Points Scheme CHS,old_reddit_selenium,NUS,submission,https://old.reddit.com/r/nus/comments/1rigoby/questions_mtl_bonus_points_scheme_chs/,0,6,2026-03-02T18:12:11.515764
post_1rhm2f6,NUS B.Eng. Infrastructure and Project Management IPM 2026 Intake - Refreshed,NUS B.Eng. Infrastructure and Project Management IPM 2026 Intake - Refreshed,old_reddit_selenium,NUS,submission,https://old.reddit.com/r/nus/comments/1rhm2f6/nus_beng_infrastructure_and_project_management/,12,11,2026-03-02T18:12:11.534737
post_1ri21u2,Can environmental studies exchange to Japan University TohokuOsaka?,Can environmental studies exchange to Japan University TohokuOsaka?,old_reddit_selenium,NUS,submission,https://old.reddit.com/r/nus/comments/1ri21u2/can_environmental_studies_exchange_to_japan/,0,8,2026-03-02T18:12:11.553965
post_1rgvza9,Coursework and Curriculum - MComp CS Specialisation  AIML via electives  dissertation?,Coursework and Curriculum - MComp CS Specialisation  AIML via electives  dissertation?,old_reddit_selenium,NUS,submission,https://old.reddit.com/r/nus/comments/1rgvza9/coursework_and_curriculum_mcomp_cs_specialisation/,2,11,2026-03-02T18:12:11.667380
post_1rgdrfo,NUS Pharmacy with zero portfolio?,NUS Pharmacy with zero portfolio?,old_reddit_selenium,NUS,submission,https://old.reddit.com/r/nus/comments/1rgdrfo/nus_pharmacy_with_zero_portfolio/,12,5,2026-03-02T18:12:11.685348
post_1rg3nrk,consider nus college or not?,consider nus college or not?,old_reddit_selenium,NUS,submission,https://old.reddit.com/r/nus/comments/1rg3nrk/consider_nus_college_or_not/,14,5,2026-03-02T18:12:11.703499
post_1reapa4,NUS vs UVA for High Finance,NUS vs UVA for High Finance,old_reddit_selenium,NUS,submission,https://old.reddit.com/r/nus/comments/1reapa4/nus_vs_uva_for_high_finance/,2,6,2026-03-02T18:12:11.811595
post_1rdxewb,Question about ExamSoft,Question about ExamSoft,old_reddit_selenium,NUS,submission,https://old.reddit.com/r/nus/comments/1rdxewb/question_about_examsoft/,9,3,2026-03-02T18:12:11.829219
post_1rdqovw,is there a place to learn gymnastics in nus,is there a place to learn gymnastics in nus,old_reddit_selenium,NUS,submission,https://old.reddit.com/r/nus/comments/1rdqovw/is_there_a_place_to_learn_gymnastics_in_nus/,8,9,2026-03-02T18:12:11.864867
post_1rbhhu1,Why can't I access NUS's payment link?,Why can't I access NUS's payment link?,old_reddit_selenium,NUS,submission,https://old.reddit.com/r/nus/comments/1rbhhu1/why_cant_i_access_nuss_payment_link/,12,7,2026-03-02T18:12:16.752375
post_1rbn3ei,NUS Mechanical Engineering,NUS Mechanical Engineering,old_reddit_selenium,NUS,submission,https://old.reddit.com/r/nus/comments/1rbn3ei/nus_mechanical_engineering/,0,3,2026-03-02T18:12:16.788776
post_1rbj561,Mac iOS compatibility with examplify,Mac iOS compatibility with examplify,old_reddit_selenium,NUS,submission,https://old.reddit.com/r/nus/comments/1rbj561/mac_ios_compatibility_with_examplify/,0,5,2026-03-02T18:12:16.824856
post_1ramruz,Georgia Tech CS or NUS CS,Georgia Tech CS or NUS CS,old_reddit_selenium,NUS,submission,https://old.reddit.com/r/nus/comments/1ramruz/georgia_tech_cs_or_nus_cs/,65,6,2026-03-02T18:12:16.842995
post_1r5zb09,Got rejected from Nus Law PhD. Heartbroken.,Got rejected from Nus Law PhD. Heartbroken.,old_reddit_selenium,NUS,submission,https://old.reddit.com/r/nus/comments/1r5zb09/got_rejected_from_nus_law_phd_heartbroken/,52,7,2026-03-02T18:12:17.022078
post_1r5vrjj,Can anyone take me to the NUS swimming pool?,Can anyone take me to the NUS swimming pool?,old_reddit_selenium,NUS,submission,https://old.reddit.com/r/nus/comments/1r5vrjj/can_anyone_take_me_to_the_nus_swimming_pool/,0,9,2026-03-02T18:12:22.202294
post_1r4rx56,Question for the Mathematics Undergrad Course as an International Student,Question for the Mathematics Undergrad Course as an International Student,old_reddit_selenium,NUS,submission,https://old.reddit.com/r/nus/comments/1r4rx56/question_for_the_mathematics_undergrad_course_as/,0,10,2026-03-02T18:12:22.223975
post_1r36z54,Calc BC AP test question,Calc BC AP test question,old_reddit_selenium,NUS,submission,https://old.reddit.com/r/nus/comments/1r36z54/calc_bc_ap_test_question/,0,5,2026-03-02T18:12:22.353021
post_1r1z17a,For those doing a sponsored PhD in Singapore  is the stipend enough to live on?,For those doing a sponsored PhD in Singapore  is the stipend enough to live on?,old_reddit_selenium,NUS,submission,https://old.reddit.com/r/nus/comments/1r1z17a/for_those_doing_a_sponsored_phd_in_singapore_is/,30,15,2026-03-02T18:12:22.370683
post_1r1n5a1,Food delivery options NUS,Food delivery options NUS,old_reddit_selenium,NUS,submission,https://old.reddit.com/r/nus/comments/1r1n5a1/food_delivery_options_nus/,3,4,2026-03-02T18:12:22.406379
post_1r0mrei,CS2040C VisuAlgo Quiz Format?,CS2040C VisuAlgo Quiz Format?,old_reddit_selenium,NUS,submission,https://old.reddit.com/r/nus/comments/1r0mrei/cs2040c_visualgo_quiz_format/,6,4,2026-03-02T18:12:22.424463
post_1r0wuul,International A-level UG Admissions,International A-level UG Admissions,old_reddit_selenium,NUS,submission,https://old.reddit.com/r/nus/comments/1r0wuul/international_alevel_ug_admissions/,0,4,2026-03-02T18:12:22.442374
post_1r062zm,Course mandating sessions outside of stipulated tutoriallecture slots,Course mandating sessions outside of stipulated tutoriallecture slots,old_reddit_selenium,NUS,submission,https://old.reddit.com/r/nus/comments/1r062zm/course_mandating_sessions_outside_of_stipulated/,18,8,2026-03-02T18:12:22.478070
post_1r0xb6y,how screwed am i? me2121 quiz,how screwed am i? me2121 quiz,old_reddit_selenium,NUS,submission,https://old.reddit.com/r/nus/comments/1r0xb6y/how_screwed_am_i_me2121_quiz/,0,6,2026-03-02T18:12:22.513307
post_1r03wib,Singapore showcases first on-site 3D-printed childcare centre exterior walls built in 2 days,Singapore showcases first on-site 3D-printed childcare centre exterior walls built in 2 days,old_reddit_selenium,NUS,submission,https://old.reddit.com/r/nus/comments/1r03wib/singapore_showcases_first_onsite_3dprinted/,8,13,2026-03-02T18:12:22.530982
post_1qz6ujz,"S'pore man, 85, drives car along walkway of NUS building, assisting with police investigations","S'pore man, 85, drives car along walkway of NUS building, assisting with police investigations",old_reddit_selenium,NUS,submission,https://old.reddit.com/r/nus/comments/1qz6ujz/spore_man_85_drives_car_along_walkway_of_nus/,29,14,2026-03-02T18:12:22.566444
post_1qybdjj,Can we apply to MIM NUS with unofficial gre score and then later send them a official one,Can we apply to MIM NUS with unofficial gre score and then later send them a official one,old_reddit_selenium,NUS,submission,https://old.reddit.com/r/nus/comments/1qybdjj/can_we_apply_to_mim_nus_with_unofficial_gre_score/,0,18,2026-03-02T18:12:27.556688
post_1qulqdp,Nus Application Predicted Score Requirement,Nus Application Predicted Score Requirement,old_reddit_selenium,NUS,submission,https://old.reddit.com/r/nus/comments/1qulqdp/nus_application_predicted_score_requirement/,0,5,2026-03-02T18:12:27.741080
post_1qtbt43,Anybody know who I can contact regarding this Coursera issue?,Anybody know who I can contact regarding this Coursera issue?,old_reddit_selenium,NUS,submission,https://old.reddit.com/r/nus/comments/1qtbt43/anybody_know_who_i_can_contact_regarding_this/,64,10,2026-03-02T18:12:27.776870
post_1qpy1d7,NUS Pharm sci  Business?,NUS Pharm sci  Business?,old_reddit_selenium,NUS,submission,https://old.reddit.com/r/nus/comments/1qpy1d7/nus_pharm_sci_business/,6,4,2026-03-02T18:12:27.830625
post_1qo8d33,Offer from MSc Stats at NUS,Offer from MSc Stats at NUS,old_reddit_selenium,NUS,submission,https://old.reddit.com/r/nus/comments/1qo8d33/offer_from_msc_stats_at_nus/,21,6,2026-03-02T18:12:27.956270
post_1qo9ate,PhD interview NUS business,PhD interview NUS business,old_reddit_selenium,NUS,submission,https://old.reddit.com/r/nus/comments/1qo9ate/phd_interview_nus_business/,0,4,2026-03-02T18:12:31.689297
post_1qoc2hu,"Profile evaluation MSc Business Analytics NUS  3 yrs backend exp projected, Indian applicant","Profile evaluation MSc Business Analytics NUS  3 yrs backend exp projected, Indian applicant",old_reddit_selenium,NUS,submission,https://old.reddit.com/r/nus/comments/1qoc2hu/profile_evaluation_msc_business_analytics_nus_3/,0,13,2026-03-02T18:12:31.727851
post_1qlgl9k,NUS Environmental Studies materials request,NUS Environmental Studies materials request,old_reddit_selenium,NUS,submission,https://old.reddit.com/r/nus/comments/1qlgl9k/nus_environmental_studies_materials_request/,0,5,2026-03-02T18:12:31.764254
post_1qkn612,"NUS architecture student , is it true that you guys learn Maths and Physics with Engineering students as Common foundation?","NUS architecture student , is it true that you guys learn Maths and Physics with Engineering students as Common foundation?",old_reddit_selenium,NUS,submission,https://old.reddit.com/r/nus/comments/1qkn612/nus_architecture_student_is_it_true_that_you_guys/,14,20,2026-03-02T18:12:31.802971
post_1qkiypb,"CS grad , quant , enterance exam","CS grad , quant , enterance exam",old_reddit_selenium,NUS,submission,https://old.reddit.com/r/nus/comments/1qkiypb/cs_grad_quant_enterance_exam/,0,7,2026-03-02T18:12:31.856792
post_1qipnt9,Help needed!  need Singaporean survey respondents,Help needed!  need Singaporean survey respondents,old_reddit_selenium,NUS,submission,https://old.reddit.com/r/nus/comments/1qipnt9/help_needed_need_singaporean_survey_respondents/,2,6,2026-03-02T18:12:31.910359
post_1qhnn0a,Trying to make more friends in NUSthinking of starting a Telegram group,Trying to make more friends in NUSthinking of starting a Telegram group,old_reddit_selenium,NUS,submission,https://old.reddit.com/r/nus/comments/1qhnn0a/trying_to_make_more_friends_in_nusthinking_of/,97,12,2026-03-02T18:12:31.928445
post_1qhyomo,Fees for visiting PhD student,Fees for visiting PhD student,old_reddit_selenium,NUS,submission,https://old.reddit.com/r/nus/comments/1qhyomo/fees_for_visiting_phd_student/,1,5,2026-03-02T18:12:31.964228
post_1qi5qj8,visiting NUS - where to stay?,visiting NUS - where to stay?,old_reddit_selenium,NUS,submission,https://old.reddit.com/r/nus/comments/1qi5qj8/visiting_nus_where_to_stay/,0,6,2026-03-02T18:12:31.982242
post_1qh05l9,Phillip Capital Internship,Phillip Capital Internship,old_reddit_selenium,NUS,submission,https://old.reddit.com/r/nus/comments/1qh05l9/phillip_capital_internship/,0,3,2026-03-02T18:12:32.053590
post_1qh87w3,I'm a poly student having doubts,I'm a poly student having doubts,old_reddit_selenium,NUS,submission,https://old.reddit.com/r/nus/comments/1qh87w3/im_a_poly_student_having_doubts/,0,6,2026-03-02T18:12:32.071851
post_1qgd4p5,How come CBSE students don't need to submit SAT but A level students do?,How come CBSE students don't need to submit SAT but A level students do?,old_reddit_selenium,NUS,submission,https://old.reddit.com/r/nus/comments/1qgd4p5/how_come_cbse_students_dont_need_to_submit_sat/,0,14,2026-03-02T18:12:37.314521
post_1qfd8n3,NUS application choice of study section,NUS application choice of study section,old_reddit_selenium,NUS,submission,https://old.reddit.com/r/nus/comments/1qfd8n3/nus_application_choice_of_study_section/,3,6,2026-03-02T18:12:37.373386
post_1qdd344,NUS SUMMER SCHOOL 2026,NUS SUMMER SCHOOL 2026,old_reddit_selenium,NUS,submission,https://old.reddit.com/r/nus/comments/1qdd344/nus_summer_school_2026/,6,4,2026-03-02T18:12:37.447677
post_1qcksdf,Limited Options for Majors in Application,Limited Options for Majors in Application,old_reddit_selenium,NUS,submission,https://old.reddit.com/r/nus/comments/1qcksdf/limited_options_for_majors_in_application/,3,6,2026-03-02T18:12:37.551752
post_1qc8pfw,Dennis Chew withdrew from NUS and joined SUSS!!!,Dennis Chew withdrew from NUS and joined SUSS!!!,old_reddit_selenium,NUS,submission,https://old.reddit.com/r/nus/comments/1qc8pfw/dennis_chew_withdrew_from_nus_and_joined_suss/,36,8,2026-03-02T18:12:37.569824
post_1qakeei,SP2271 - Scientific Literature,SP2271 - Scientific Literature,old_reddit_selenium,NUS,submission,https://old.reddit.com/r/nus/comments/1qakeei/sp2271_scientific_literature/,0,4,2026-03-02T18:12:41.066632
post_1q9yaln,How to check current gym capacity?,How to check current gym capacity?,old_reddit_selenium,NUS,submission,https://old.reddit.com/r/nus/comments/1q9yaln/how_to_check_current_gym_capacity/,9,6,2026-03-02T18:12:41.085613
post_1q9r0qe,Looking for NUS teammates for Hack4Good non-NUS participant here,Looking for NUS teammates for Hack4Good non-NUS participant here,old_reddit_selenium,NUS,submission,https://old.reddit.com/r/nus/comments/1q9r0qe/looking_for_nus_teammates_for_hack4good_nonnus/,2,9,2026-03-02T18:12:41.179092
post_1q91qst,How many Karma points are needed to reply in rnus?,How many Karma points are needed to reply in rnus?,old_reddit_selenium,NUS,submission,https://old.reddit.com/r/nus/comments/1q91qst/how_many_karma_points_are_needed_to_reply_in_rnus/,65,10,2026-03-02T18:12:41.215821
post_1qa1vrx,NUSNTUSMU undergraduate admission for internationals,NUSNTUSMU undergraduate admission for internationals,old_reddit_selenium,NUS,submission,https://old.reddit.com/r/nus/comments/1qa1vrx/nusntusmu_undergraduate_admission_for/,0,5,2026-03-02T18:12:41.252475
post_1q9r2yl,"Current international NUS psych undergrads, what were your IBA-level Grades?","Current international NUS psych undergrads, what were your IBA-level Grades?",old_reddit_selenium,NUS,submission,https://old.reddit.com/r/nus/comments/1q9r2yl/current_international_nus_psych_undergrads_what/,0,10,2026-03-02T18:12:41.270309
post_1q91lwd,No Course Vacancy New Student,No Course Vacancy New Student,old_reddit_selenium,NUS,submission,https://old.reddit.com/r/nus/comments/1q91lwd/no_course_vacancy_new_student/,14,5,2026-03-02T18:12:41.324324
post_1q954fg,anyone want to sit together for hs2916 lectures,anyone want to sit together for hs2916 lectures,old_reddit_selenium,NUS,submission,https://old.reddit.com/r/nus/comments/1q954fg/anyone_want_to_sit_together_for_hs2916_lectures/,0,8,2026-03-02T18:12:41.449362
post_1q7vl9v,Is language placement test necessary for those who have prior knowledge taking language mods in nus?,Is language placement test necessary for those who have prior knowledge taking language mods in nus?,old_reddit_selenium,NUS,submission,https://old.reddit.com/r/nus/comments/1q7vl9v/is_language_placement_test_necessary_for_those/,3,16,2026-03-02T18:12:46.413541
post_1q7cuiw,IRIS NUS eligibility question,IRIS NUS eligibility question,old_reddit_selenium,NUS,submission,https://old.reddit.com/r/nus/comments/1q7cuiw/iris_nus_eligibility_question/,3,4,2026-03-02T18:12:46.449703
post_1q778tp,Sociology student who is considering NUS,Sociology student who is considering NUS,old_reddit_selenium,NUS,submission,https://old.reddit.com/r/nus/comments/1q778tp/sociology_student_who_is_considering_nus/,0,6,2026-03-02T18:12:46.503204
post_1q6kg0c,How many mods can I most likely secure through coursereg appeal,How many mods can I most likely secure through coursereg appeal,old_reddit_selenium,NUS,submission,https://old.reddit.com/r/nus/comments/1q6kg0c/how_many_mods_can_i_most_likely_secure_through/,6,11,2026-03-02T18:12:46.520671
post_1q6b86u,Biz Summer School - Course Mapping,Biz Summer School - Course Mapping,old_reddit_selenium,NUS,submission,https://old.reddit.com/r/nus/comments/1q6b86u/biz_summer_school_course_mapping/,1,6,2026-03-02T18:12:46.629030
post_1q4huu7,anyone intern in csit before?,anyone intern in csit before?,old_reddit_selenium,NUS,submission,https://old.reddit.com/r/nus/comments/1q4huu7/anyone_intern_in_csit_before/,33,5,2026-03-02T18:12:46.722508
post_1q4j388,"5k modules, need to pay?","5k modules, need to pay?",old_reddit_selenium,NUS,submission,https://old.reddit.com/r/nus/comments/1q4j388/5k_modules_need_to_pay/,24,5,2026-03-02T18:12:46.738663
post_1q54aqm,help! how to get nus-id??,help! how to get nus-id??,old_reddit_selenium,NUS,submission,https://old.reddit.com/r/nus/comments/1q54aqm/help_how_to_get_nusid/,0,5,2026-03-02T18:12:46.755541
post_1q4fvj5,Advice needed coursereg,Advice needed coursereg,old_reddit_selenium,NUS,submission,https://old.reddit.com/r/nus/comments/1q4fvj5/advice_needed_coursereg/,5,3,2026-03-02T18:12:46.790749
post_1q4f118,PL4K modules? PL4227 or PL4239,PL4K modules? PL4227 or PL4239,old_reddit_selenium,NUS,submission,https://old.reddit.com/r/nus/comments/1q4f118/pl4k_modules_pl4227_or_pl4239/,3,5,2026-03-02T18:12:50.650750
post_1q3wik0,what is your favourite part about studying at NUS?,what is your favourite part about studying at NUS?,old_reddit_selenium,NUS,submission,https://old.reddit.com/r/nus/comments/1q3wik0/what_is_your_favourite_part_about_studying_at_nus/,34,9,2026-03-02T18:12:50.668317
post_1q3j773,Online graded modules?,Online graded modules?,old_reddit_selenium,NUS,submission,https://old.reddit.com/r/nus/comments/1q3j773/online_graded_modules/,11,3,2026-03-02T18:12:50.704463
post_1q3jwiy,Accenture Intern Experiential Day IED,Accenture Intern Experiential Day IED,old_reddit_selenium,NUS,submission,https://old.reddit.com/r/nus/comments/1q3jwiy/accenture_intern_experiential_day_ied/,0,5,2026-03-02T18:12:50.776480
post_1q133i4,i want to drop out of nusc,i want to drop out of nusc,old_reddit_selenium,NUS,submission,https://old.reddit.com/r/nus/comments/1q133i4/i_want_to_drop_out_of_nusc/,129,7,2026-03-02T18:12:50.882729
post_1q1ky3p,Module Review for CS6216,Module Review for CS6216,old_reddit_selenium,NUS,submission,https://old.reddit.com/r/nus/comments/1q1ky3p/module_review_for_cs6216/,1,4,2026-03-02T18:12:50.935868
post_1q0yiwz,Some questions on CS modules and graduation requirements.,Some questions on CS modules and graduation requirements.,old_reddit_selenium,NUS,submission,https://old.reddit.com/r/nus/comments/1q0yiwz/some_questions_on_cs_modules_and_graduation/,31,8,2026-03-02T18:12:50.953383
post_1q076ff,should i overload in y1s2 if my gpa is  4.0?,should i overload in y1s2 if my gpa is  4.0?,old_reddit_selenium,NUS,submission,https://old.reddit.com/r/nus/comments/1q076ff/should_i_overload_in_y1s2_if_my_gpa_is_40/,23,10,2026-03-02T18:12:51.030952
post_1q06fph,Anyone taken MS3210 Modern Indonesian Literature? Hows the workload  difficulty?,Anyone taken MS3210 Modern Indonesian Literature? Hows the workload  difficulty?,old_reddit_selenium,NUS,submission,https://old.reddit.com/r/nus/comments/1q06fph/anyone_taken_ms3210_modern_indonesian_literature/,1,10,2026-03-02T18:12:55.484535
post_1pxn3pu,NUS-Google Student Workshop Future CS Education in the AI Era,NUS-Google Student Workshop Future CS Education in the AI Era,old_reddit_selenium,NUS,submission,https://old.reddit.com/r/nus/comments/1pxn3pu/nusgoogle_student_workshop_future_cs_education_in/,10,10,2026-03-02T18:12:55.589335
post_1px2y58,NEED HELP to get admission to NUS,NEED HELP to get admission to NUS,old_reddit_selenium,NUS,submission,https://old.reddit.com/r/nus/comments/1px2y58/need_help_to_get_admission_to_nus/,0,7,2026-03-02T18:12:55.823598
post_1pvye7q,Mob manning during exam period,Mob manning during exam period,old_reddit_selenium,NUS,submission,https://old.reddit.com/r/nus/comments/1pvye7q/mob_manning_during_exam_period/,36,5,2026-03-02T18:12:55.859270
post_1riacqa,NTU Undergraduate Health Screening,NTU Undergraduate Health Screening,old_reddit_selenium,NTU,submission,https://old.reddit.com/r/NTU/comments/1riacqa/ntu_undergraduate_health_screening/,2,4,2026-03-02T18:13:01.619802
post_1rhvqby,Ie0005 Mid terms results,Ie0005 Mid terms results,old_reddit_selenium,NTU,submission,https://old.reddit.com/r/NTU/comments/1rhvqby/ie0005_mid_terms_results/,1,4,2026-03-02T18:13:01.709533
post_1rhldsa,ntu biomedical sciences and biobiz help....,ntu biomedical sciences and biobiz help....,old_reddit_selenium,NTU,submission,https://old.reddit.com/r/NTU/comments/1rhldsa/ntu_biomedical_sciences_and_biobiz_help/,2,6,2026-03-02T18:13:01.764405
post_1rh5ien,CC6 Survey on NTU Omnibus,CC6 Survey on NTU Omnibus,old_reddit_selenium,NTU,submission,https://old.reddit.com/r/NTU/comments/1rh5ien/cc6_survey_on_ntu_omnibus/,0,5,2026-03-02T18:13:01.911043
post_1rg2jji,Summer 2026 internship search results,Summer 2026 internship search results,old_reddit_selenium,NTU,submission,https://old.reddit.com/r/NTU/comments/1rg2jji/summer_2026_internship_search_results/,182,5,2026-03-02T18:13:01.934827
post_1rg806l,Upper quartile and median for mh1812 discrete maths CA-1 in sem-2?,Upper quartile and median for mh1812 discrete maths CA-1 in sem-2?,old_reddit_selenium,NTU,submission,https://old.reddit.com/r/NTU/comments/1rg806l/upper_quartile_and_median_for_mh1812_discrete/,1,11,2026-03-02T18:13:06.581450
post_1rfu62k,BE1401BE1402 Quiz 1 Grade,BE1401BE1402 Quiz 1 Grade,old_reddit_selenium,NTU,submission,https://old.reddit.com/r/NTU/comments/1rfu62k/be1401be1402_quiz_1_grade/,0,4,2026-03-02T18:13:06.672686
post_1rf731f,SC2207 Mid-Sem Quiz Poll,SC2207 Mid-Sem Quiz Poll,old_reddit_selenium,NTU,submission,https://old.reddit.com/r/NTU/comments/1rf731f/sc2207_midsem_quiz_poll/,3,4,2026-03-02T18:13:06.745437
post_1reknlv,MDP Android GUI Quiz,MDP Android GUI Quiz,old_reddit_selenium,NTU,submission,https://old.reddit.com/r/NTU/comments/1reknlv/mdp_android_gui_quiz/,7,4,2026-03-02T18:13:06.840588
post_1rdehil,Software Engineering quiz?,Software Engineering quiz?,old_reddit_selenium,NTU,submission,https://old.reddit.com/r/NTU/comments/1rdehil/software_engineering_quiz/,10,3,2026-03-02T18:13:06.911815
post_1rddbe2,"Starting at NTU, experiences and recommendations for mobile plan?","Starting at NTU, experiences and recommendations for mobile plan?",old_reddit_selenium,NTU,submission,https://old.reddit.com/r/NTU/comments/1rddbe2/starting_at_ntu_experiences_and_recommendations/,9,9,2026-03-02T18:13:06.947599
post_1rdfpao,Is there makeup quiz for CH1104 mat and energy balance?,Is there makeup quiz for CH1104 mat and energy balance?,old_reddit_selenium,NTU,submission,https://old.reddit.com/r/NTU/comments/1rdfpao/is_there_makeup_quiz_for_ch1104_mat_and_energy/,4,10,2026-03-02T18:13:12.012196
post_1rcmavc,Questions regarding Volleyball varsityrecreational team in NTU,Questions regarding Volleyball varsityrecreational team in NTU,old_reddit_selenium,NTU,submission,https://old.reddit.com/r/NTU/comments/1rcmavc/questions_regarding_volleyball/,5,7,2026-03-02T18:13:12.067740
post_1rc5gzb,Micron onsite interview SG,Micron onsite interview SG,old_reddit_selenium,NTU,submission,https://old.reddit.com/r/NTU/comments/1rc5gzb/micron_onsite_interview_sg/,8,4,2026-03-02T18:13:12.194817
post_1rbqahs,Dropout from university after teaching week,Dropout from university after teaching week,old_reddit_selenium,NTU,submission,https://old.reddit.com/r/NTU/comments/1rbqahs/dropout_from_university_after_teaching_week/,27,6,2026-03-02T18:13:12.249779
post_1rc74of,NTU MSc Marketing Science - anyone moved back abroad after graduating?,NTU MSc Marketing Science - anyone moved back abroad after graduating?,old_reddit_selenium,NTU,submission,https://old.reddit.com/r/NTU/comments/1rc74of/ntu_msc_marketing_science_anyone_moved_back/,1,11,2026-03-02T18:13:12.267874
post_1ratjyf,PH1012 Belated Valentines Qn,PH1012 Belated Valentines Qn,old_reddit_selenium,NTU,submission,https://old.reddit.com/r/NTU/comments/1ratjyf/ph1012_belated_valentines_qn/,20,4,2026-03-02T18:13:12.304033
post_1rarft2,anyone from soh transferred course to nbs?,anyone from soh transferred course to nbs?,old_reddit_selenium,NTU,submission,https://old.reddit.com/r/NTU/comments/1rarft2/anyone_from_soh_transferred_course_to_nbs/,7,7,2026-03-02T18:13:12.376117
post_1r92uo2,how will the SC2107 quiz and lab assessments be like?,how will the SC2107 quiz and lab assessments be like?,old_reddit_selenium,NTU,submission,https://old.reddit.com/r/NTU/comments/1r92uo2/how_will_the_sc2107_quiz_and_lab_assessments_be/,2,10,2026-03-02T18:13:17.024206
post_1r7nxlk,anyone going to beijing foreign studies university?,anyone going to beijing foreign studies university?,old_reddit_selenium,NTU,submission,https://old.reddit.com/r/NTU/comments/1r7nxlk/anyone_going_to_beijing_foreign_studies_university/,2,7,2026-03-02T18:13:17.131531
post_1r7a8w0,GEM Explorer Course AUs,GEM Explorer Course AUs,old_reddit_selenium,NTU,submission,https://old.reddit.com/r/NTU/comments/1r7a8w0/gem_explorer_course_aus/,7,4,2026-03-02T18:13:17.149429
post_1r6y70e,NTU computer engineering qns,NTU computer engineering qns,old_reddit_selenium,NTU,submission,https://old.reddit.com/r/NTU/comments/1r6y70e/ntu_computer_engineering_qns/,12,4,2026-03-02T18:13:17.167216
post_1r63q2s,Open restaurants in NTU during CNY,Open restaurants in NTU during CNY,old_reddit_selenium,NTU,submission,https://old.reddit.com/r/NTU/comments/1r63q2s/open_restaurants_in_ntu_during_cny/,37,6,2026-03-02T18:13:17.275683
post_1r6fgkn,NTU CCDS PhD  Funding beyond 4 years  supervisor changes?,NTU CCDS PhD  Funding beyond 4 years  supervisor changes?,old_reddit_selenium,NTU,submission,https://old.reddit.com/r/NTU/comments/1r6fgkn/ntu_ccds_phd_funding_beyond_4_years_supervisor/,4,9,2026-03-02T18:13:17.293875
post_1r59yxv,Are Many NTU Students Single?,Are Many NTU Students Single?,old_reddit_selenium,NTU,submission,https://old.reddit.com/r/NTU/comments/1r59yxv/are_many_ntu_students_single/,55,5,2026-03-02T18:13:22.416055
post_1r58w25,Visit my FYP's last event next Sat 21 Feb at SCAPE!!,Visit my FYP's last event next Sat 21 Feb at SCAPE!!,old_reddit_selenium,NTU,submission,https://old.reddit.com/r/NTU/comments/1r58w25/visit_my_fyps_last_event_next_sat_21_feb_at_scape/,11,11,2026-03-02T18:13:22.469508
post_1r5cbp0,"Packing for NTU MBA essentials, prep strategy, and life in Singapore?","Packing for NTU MBA essentials, prep strategy, and life in Singapore?",old_reddit_selenium,NTU,submission,https://old.reddit.com/r/NTU/comments/1r5cbp0/packing_for_ntu_mba_essentials_prep_strategy_and/,0,11,2026-03-02T18:13:22.595415
post_1r4ezvu,"Bogazici University, Turkey, any seniors exchanged here before?","Bogazici University, Turkey, any seniors exchanged here before?",old_reddit_selenium,NTU,submission,https://old.reddit.com/r/NTU/comments/1r4ezvu/bogazici_university_turkey_any_seniors_exchanged/,5,8,2026-03-02T18:13:22.631667
post_1r2zon8,I'm tired of NTU's overemphasis on money.,I'm tired of NTU's overemphasis on money.,old_reddit_selenium,NTU,submission,https://old.reddit.com/r/NTU/comments/1r2zon8/im_tired_of_ntus_overemphasis_on_money/,170,7,2026-03-02T18:13:26.631121
post_1r3ry2w,will ntu check cctv for lost items,will ntu check cctv for lost items,old_reddit_selenium,NTU,submission,https://old.reddit.com/r/NTU/comments/1r3ry2w/will_ntu_check_cctv_for_lost_items/,1,7,2026-03-02T18:13:26.649378
post_1r3i9n6,NTU GEM Explorer Round 2 Questions,NTU GEM Explorer Round 2 Questions,old_reddit_selenium,NTU,submission,https://old.reddit.com/r/NTU/comments/1r3i9n6/ntu_gem_explorer_round_2_questions/,14,6,2026-03-02T18:13:26.668826
post_1r3dwpx,"How cooked am I, PH1011","How cooked am I, PH1011",old_reddit_selenium,NTU,submission,https://old.reddit.com/r/NTU/comments/1r3dwpx/how_cooked_am_i_ph1011/,9,5,2026-03-02T18:13:26.723826
post_1r3j4xx,Lund University Sem 1,Lund University Sem 1,old_reddit_selenium,NTU,submission,https://old.reddit.com/r/NTU/comments/1r3j4xx/lund_university_sem_1/,2,4,2026-03-02T18:13:26.760259
post_1r3jdzf,"Commit or not, University of Waterloo sem 1","Commit or not, University of Waterloo sem 1",old_reddit_selenium,NTU,submission,https://old.reddit.com/r/NTU/comments/1r3jdzf/commit_or_not_university_of_waterloo_sem_1/,1,8,2026-03-02T18:13:26.814664
post_1r3man8,GEM Explorer Chinese University of Hong Kong Shenzhen,GEM Explorer Chinese University of Hong Kong Shenzhen,old_reddit_selenium,NTU,submission,https://old.reddit.com/r/NTU/comments/1r3man8/gem_explorer_chinese_university_of_hong_kong/,0,8,2026-03-02T18:13:26.832788
post_1r2arit,Question about the NTU mens football team,Question about the NTU mens football team,old_reddit_selenium,NTU,submission,https://old.reddit.com/r/NTU/comments/1r2arit/question_about_the_ntu_mens_football_team/,6,7,2026-03-02T18:13:31.552383
post_1r1q4vi,Professional Internship Grades,Professional Internship Grades,old_reddit_selenium,NTU,submission,https://old.reddit.com/r/NTU/comments/1r1q4vi/professional_internship_grades/,12,3,2026-03-02T18:13:31.590643
post_1r0u9m4,Who do I email about concerns I have about a course?,Who do I email about concerns I have about a course?,old_reddit_selenium,NTU,submission,https://old.reddit.com/r/NTU/comments/1r0u9m4/who_do_i_email_about_concerns_i_have_about_a/,30,11,2026-03-02T18:13:31.680635
post_1r1698j,NTU Nanyang Technological University,NTU Nanyang Technological University,old_reddit_selenium,NTU,submission,https://old.reddit.com/r/NTU/comments/1r1698j/ntu_nanyang_technological_university/,2,4,2026-03-02T18:13:31.734943
post_1r0wn4b,SC2000 Quiz 1 2026 Poll,SC2000 Quiz 1 2026 Poll,old_reddit_selenium,NTU,submission,https://old.reddit.com/r/NTU/comments/1r0wn4b/sc2000_quiz_1_2026_poll/,5,5,2026-03-02T18:13:31.752781
post_1r0qmq2,Extreme Dilemma with NTU!!,Extreme Dilemma with NTU!!,old_reddit_selenium,NTU,submission,https://old.reddit.com/r/NTU/comments/1r0qmq2/extreme_dilemma_with_ntu/,14,4,2026-03-02T18:13:31.788593
post_1r0psud,Glyph by Masq - Word  Number Puzzles H2H Matchmaking,Glyph by Masq - Word  Number Puzzles H2H Matchmaking,old_reddit_selenium,NTU,submission,https://old.reddit.com/r/NTU/comments/1r0psud/glyph_by_masq_word_number_puzzles_h2h_matchmaking/,1,9,2026-03-02T18:13:31.860002
post_1r0d3su,NTU PhD Aug intake 2026,NTU PhD Aug intake 2026,old_reddit_selenium,NTU,submission,https://old.reddit.com/r/NTU/comments/1r0d3su/ntu_phd_aug_intake_2026/,4,5,2026-03-02T18:13:31.877805
post_1qzx4z4,Prerequisite for business specialisation,Prerequisite for business specialisation,old_reddit_selenium,NTU,submission,https://old.reddit.com/r/NTU/comments/1qzx4z4/prerequisite_for_business_specialisation/,2,4,2026-03-02T18:13:35.536517
post_1qyldx6,MSc program at the University of Edinburgh UK and NTU Singapore,MSc program at the University of Edinburgh UK and NTU Singapore,old_reddit_selenium,NTU,submission,https://old.reddit.com/r/NTU/comments/1qyldx6/msc_program_at_the_university_of_edinburgh_uk_and/,13,11,2026-03-02T18:13:35.619661
post_1qyjufl,cc3 panel presentation grade,cc3 panel presentation grade,old_reddit_selenium,NTU,submission,https://old.reddit.com/r/NTU/comments/1qyjufl/cc3_panel_presentation_grade/,9,4,2026-03-02T18:13:35.636711
post_1qxh8sl,"Herpetology walk in NTU! 10 Feb, Tues","Herpetology walk in NTU! 10 Feb, Tues",old_reddit_selenium,NTU,submission,https://old.reddit.com/r/NTU/comments/1qxh8sl/herpetology_walk_in_ntu_10_feb_tues/,1,7,2026-03-02T18:13:35.760123
post_1qxavda,Inquiring on EEE Modules as an Exchange Student.,Inquiring on EEE Modules as an Exchange Student.,old_reddit_selenium,NTU,submission,https://old.reddit.com/r/NTU/comments/1qxavda/inquiring_on_eee_modules_as_an_exchange_student/,4,8,2026-03-02T18:13:35.775495
post_1qwly85,semester exchange  ntu !!,semester exchange  ntu !!,old_reddit_selenium,NTU,submission,https://old.reddit.com/r/NTU/comments/1qwly85/semester_exchange_ntu/,27,4,2026-03-02T18:13:35.820771
post_1qwszma,Where can I buy a bottle opener in NTU?,Where can I buy a bottle opener in NTU?,old_reddit_selenium,NTU,submission,https://old.reddit.com/r/NTU/comments/1qwszma/where_can_i_buy_a_bottle_opener_in_ntu/,5,9,2026-03-02T18:13:35.865922
post_1qwkghg,Thoughts on NTU Master of Science in SPML program?,Thoughts on NTU Master of Science in SPML program?,old_reddit_selenium,NTU,submission,https://old.reddit.com/r/NTU/comments/1qwkghg/thoughts_on_ntu_master_of_science_in_spml_program/,1,9,2026-03-02T18:13:39.780517
post_1qwdwkz,EASE prog for poly students,EASE prog for poly students,old_reddit_selenium,NTU,submission,https://old.reddit.com/r/NTU/comments/1qwdwkz/ease_prog_for_poly_students/,0,5,2026-03-02T18:13:39.857773
post_1quf6sx,Is CCDS and CS really that bad in NTU,Is CCDS and CS really that bad in NTU,old_reddit_selenium,NTU,submission,https://old.reddit.com/r/NTU/comments/1quf6sx/is_ccds_and_cs_really_that_bad_in_ntu/,38,9,2026-03-02T18:13:39.968312
post_1qukfsx,How does attendance actually work in NTU's lecture?,How does attendance actually work in NTU's lecture?,old_reddit_selenium,NTU,submission,https://old.reddit.com/r/NTU/comments/1qukfsx/how_does_attendance_actually_work_in_ntus_lecture/,3,8,2026-03-02T18:13:40.058226
post_1qtmxpw,Psychiatry Rates under NTU's New Healthcare Provider 3 - 180,Psychiatry Rates under NTU's New Healthcare Provider 3 - 180,old_reddit_selenium,NTU,submission,https://old.reddit.com/r/NTU/comments/1qtmxpw/psychiatry_rates_under_ntus_new_healthcare/,124,10,2026-03-02T18:13:40.166120
post_1qtet8u,Coursera Access Revoked,Coursera Access Revoked,old_reddit_selenium,NTU,submission,https://old.reddit.com/r/NTU/comments/1qtet8u/coursera_access_revoked/,69,3,2026-03-02T18:13:40.201862
post_1qt1nhi,NTU CCDS sucks the fun out of computing a follow up,NTU CCDS sucks the fun out of computing a follow up,old_reddit_selenium,NTU,submission,https://old.reddit.com/r/NTU/comments/1qt1nhi/ntu_ccds_sucks_the_fun_out_of_computing_a_follow/,192,11,2026-03-02T18:13:40.220258
post_1qtj7cu,Coursera can't use anymore for mooc?,Coursera can't use anymore for mooc?,old_reddit_selenium,NTU,submission,https://old.reddit.com/r/NTU/comments/1qtj7cu/coursera_cant_use_anymore_for_mooc/,12,6,2026-03-02T18:13:44.569485
post_1qtucut,"Herp walk in NTU! 10 Feb, Tues","Herp walk in NTU! 10 Feb, Tues",old_reddit_selenium,NTU,submission,https://old.reddit.com/r/NTU/comments/1qtucut/herp_walk_in_ntu_10_feb_tues/,1,7,2026-03-02T18:13:44.588037
post_1qssexr,Disgustingly unhygienic cutlery at Crespion canteen,Disgustingly unhygienic cutlery at Crespion canteen,old_reddit_selenium,NTU,submission,https://old.reddit.com/r/NTU/comments/1qssexr/disgustingly_unhygienic_cutlery_at_crespion/,326,6,2026-03-02T18:13:44.606655
post_1qtje3h,Visiting SG Feb 2-5! Incoming Master's studentlets connect.,Visiting SG Feb 2-5! Incoming Master's studentlets connect.,old_reddit_selenium,NTU,submission,https://old.reddit.com/r/NTU/comments/1qtje3h/visiting_sg_feb_25_incoming_masters_studentlets/,2,8,2026-03-02T18:13:44.625171
post_1qs2bl1,This post on ConfessIt made me tear up a little. I relate a lot. Poor soul.,This post on ConfessIt made me tear up a little. I relate a lot. Poor soul.,old_reddit_selenium,NTU,submission,https://old.reddit.com/r/NTU/comments/1qs2bl1/this_post_on_confessit_made_me_tear_up_a_little_i/,825,16,2026-03-02T18:13:44.697678
post_1qs0ibe,New Rowing Club in NTU,New Rowing Club in NTU,old_reddit_selenium,NTU,submission,https://old.reddit.com/r/NTU/comments/1qs0ibe/new_rowing_club_in_ntu/,22,5,2026-03-02T18:13:44.806663
post_1qr870p,what happened to ntu student hub telegram gc,what happened to ntu student hub telegram gc,old_reddit_selenium,NTU,submission,https://old.reddit.com/r/NTU/comments/1qr870p/what_happened_to_ntu_student_hub_telegram_gc/,39,8,2026-03-02T18:13:44.860450
post_1qr9rt4,Mh1811 midterm finals,Mh1811 midterm finals,old_reddit_selenium,NTU,submission,https://old.reddit.com/r/NTU/comments/1qr9rt4/mh1811_midterm_finals/,12,3,2026-03-02T18:13:44.878254
post_1qrarnl,Gem Explorer CGPA bands,Gem Explorer CGPA bands,old_reddit_selenium,NTU,submission,https://old.reddit.com/r/NTU/comments/1qrarnl/gem_explorer_cgpa_bands/,8,4,2026-03-02T18:13:44.896265
post_1qr0zz5,What is your favourite part of Prof Themis lectures?,What is your favourite part of Prof Themis lectures?,old_reddit_selenium,NTU,submission,https://old.reddit.com/r/NTU/comments/1qr0zz5/what_is_your_favourite_part_of_prof_themis/,24,9,2026-03-02T18:13:44.914032
post_1rfi7nu,Are there really no house parties at SMU?,Are there really no house parties at SMU?,old_reddit_selenium,SMU,submission,https://old.reddit.com/r/SMU/comments/1rfi7nu/are_there_really_no_house_parties_at_smu/,4,8,2026-03-02T18:13:50.325898
post_1rd6m8m,best places to buy smu merch?,best places to buy smu merch?,old_reddit_selenium,SMU,submission,https://old.reddit.com/r/SMU/comments/1rd6m8m/best_places_to_buy_smu_merch/,7,6,2026-03-02T18:13:50.396921
post_1rclxjz,SMU Cox or IU Kelley finance  direct admit to both,SMU Cox or IU Kelley finance  direct admit to both,old_reddit_selenium,SMU,submission,https://old.reddit.com/r/SMU/comments/1rclxjz/smu_cox_or_iu_kelley_finance_direct_admit_to_both/,6,10,2026-03-02T18:13:50.414263
post_1rbaiwl,"Anybody that goes to SMU in Dallas, where the bars at","Anybody that goes to SMU in Dallas, where the bars at",old_reddit_selenium,SMU,submission,https://old.reddit.com/r/SMU/comments/1rbaiwl/anybody_that_goes_to_smu_in_dallas_where_the_bars/,0,11,2026-03-02T18:13:50.450272
post_1rawb22,For current SMU Law students...,For current SMU Law students...,old_reddit_selenium,SMU,submission,https://old.reddit.com/r/SMU/comments/1rawb22/for_current_smu_law_students/,2,5,2026-03-02T18:13:50.467959
post_1r7mb7q,Any good apartment near SMU?,Any good apartment near SMU?,old_reddit_selenium,SMU,submission,https://old.reddit.com/r/SMU/comments/1r7mb7q/any_good_apartment_near_smu/,0,5,2026-03-02T18:13:50.599043
post_1r3c3qy,"SMU Football on Instagram ""Playing at the home of the dallascowboys once again.""","SMU Football on Instagram ""Playing at the home of the dallascowboys once again.""",old_reddit_selenium,SMU,submission,https://old.reddit.com/r/SMU/comments/1r3c3qy/smu_football_on_instagram_playing_at_the_home_of/,5,13,2026-03-02T18:13:54.749604
post_1r36xi4,Looking for summer sublet near SMUDowntown Dallas area!!!,Looking for summer sublet near SMUDowntown Dallas area!!!,old_reddit_selenium,SMU,submission,https://old.reddit.com/r/SMU/comments/1r36xi4/looking_for_summer_sublet_near_smudowntown_dallas/,2,8,2026-03-02T18:13:54.767790
post_1r2m3u5,How is smu law school?,How is smu law school?,old_reddit_selenium,SMU,submission,https://old.reddit.com/r/SMU/comments/1r2m3u5/how_is_smu_law_school/,0,5,2026-03-02T18:13:54.801377
post_1r0d7hw,How competitive is it to get into SMU grad school?,How competitive is it to get into SMU grad school?,old_reddit_selenium,SMU,submission,https://old.reddit.com/r/SMU/comments/1r0d7hw/how_competitive_is_it_to_get_into_smu_grad_school/,0,10,2026-03-02T18:13:54.879291
post_1qu96vt,MCAT Tutoring for SMU Students  Current Medical Student Giving Back,MCAT Tutoring for SMU Students  Current Medical Student Giving Back,old_reddit_selenium,SMU,submission,https://old.reddit.com/r/SMU/comments/1qu96vt/mcat_tutoring_for_smu_students_current_medical/,0,10,2026-03-02T18:14:00.234171
post_1qtiphp,SMU staples while in town for a basketball game?,SMU staples while in town for a basketball game?,old_reddit_selenium,SMU,submission,https://old.reddit.com/r/SMU/comments/1qtiphp/smu_staples_while_in_town_for_a_basketball_game/,0,9,2026-03-02T18:14:00.255831
post_1qrucrj,SMU cox or Umiami for Investment banking,SMU cox or Umiami for Investment banking,old_reddit_selenium,SMU,submission,https://old.reddit.com/r/SMU/comments/1qrucrj/smu_cox_or_umiami_for_investment_banking/,1,7,2026-03-02T18:14:00.275032
post_1qonylj,SMU Master of Management Interview  What Questions to Expect?,SMU Master of Management Interview  What Questions to Expect?,old_reddit_selenium,SMU,submission,https://old.reddit.com/r/SMU/comments/1qonylj/smu_master_of_management_interview_what_questions/,0,9,2026-03-02T18:14:00.403128
post_1qo1evv,SMU new international freshmen dcsn,SMU new international freshmen dcsn,old_reddit_selenium,SMU,submission,https://old.reddit.com/r/SMU/comments/1qo1evv/smu_new_international_freshmen_dcsn/,0,5,2026-03-02T18:14:00.421303
post_1qle4o8,Scholarship opportunities once at smu,Scholarship opportunities once at smu,old_reddit_selenium,SMU,submission,https://old.reddit.com/r/SMU/comments/1qle4o8/scholarship_opportunities_once_at_smu/,0,5,2026-03-02T18:14:00.491397
post_1qkbr8i,"MS Finance help - ASU , SMU, Clemson, Georgia State","MS Finance help - ASU , SMU, Clemson, Georgia State",old_reddit_selenium,SMU,submission,https://old.reddit.com/r/SMU/comments/1qkbr8i/ms_finance_help_asu_smu_clemson_georgia_state/,0,10,2026-03-02T18:14:00.509458
post_1qjh9ic,Has anyone here done SMU's fly-in  had experiences getting waitlisted?,Has anyone here done SMU's fly-in  had experiences getting waitlisted?,old_reddit_selenium,SMU,submission,https://old.reddit.com/r/SMU/comments/1qjh9ic/has_anyone_here_done_smus_flyin_had_experiences/,1,10,2026-03-02T18:14:00.563745
post_1qjchx7,What do you think SMU will do with the upcoming weather?,What do you think SMU will do with the upcoming weather?,old_reddit_selenium,SMU,submission,https://old.reddit.com/r/SMU/comments/1qjchx7/what_do_you_think_smu_will_do_with_the_upcoming/,2,11,2026-03-02T18:14:00.581695
post_1qguqfz,"SMU culture, ALT program. What's it like?","SMU culture, ALT program. What's it like?",old_reddit_selenium,SMU,submission,https://old.reddit.com/r/SMU/comments/1qguqfz/smu_culture_alt_program_whats_it_like/,0,7,2026-03-02T18:14:05.778514
post_1qb7g8w,"Current or recent residents, what is it like living at 5 Mockingbird Apartments?","Current or recent residents, what is it like living at 5 Mockingbird Apartments?",old_reddit_selenium,SMU,submission,https://old.reddit.com/r/SMU/comments/1qb7g8w/current_or_recent_residents_what_is_it_like/,0,13,2026-03-02T18:14:05.963170
post_1qanf92,Considering transferring from Wisconsin to SMUAdvice Needed,Considering transferring from Wisconsin to SMUAdvice Needed,old_reddit_selenium,SMU,submission,https://old.reddit.com/r/SMU/comments/1qanf92/considering_transferring_from_wisconsin_to/,4,7,2026-03-02T18:14:05.998752
post_1q9kmma,Stumped on SMU Scholarship Essays,Stumped on SMU Scholarship Essays,old_reddit_selenium,SMU,submission,https://old.reddit.com/r/SMU/comments/1q9kmma/stumped_on_smu_scholarship_essays/,3,5,2026-03-02T18:14:06.052070
post_1q7u3yq,SMU PRES SCHOLARSHIP,SMU PRES SCHOLARSHIP,old_reddit_selenium,SMU,submission,https://old.reddit.com/r/SMU/comments/1q7u3yq/smu_pres_scholarship/,0,3,2026-03-02T18:14:06.123626
post_1q3w3db,ED 2 Chances at SMU and Cox acceptance,ED 2 Chances at SMU and Cox acceptance,old_reddit_selenium,SMU,submission,https://old.reddit.com/r/SMU/comments/1q3w3db/ed_2_chances_at_smu_and_cox_acceptance/,0,8,2026-03-02T18:14:06.159238
post_1pu14nk,SMU Engineering experience.,SMU Engineering experience.,old_reddit_selenium,SMU,submission,https://old.reddit.com/r/SMU/comments/1pu14nk/smu_engineering_experience/,6,3,2026-03-02T18:14:10.170443
post_1pu5s04,Are SMU Departmental Scholarships awarded with acceptance letter or later?,Are SMU Departmental Scholarships awarded with acceptance letter or later?,old_reddit_selenium,SMU,submission,https://old.reddit.com/r/SMU/comments/1pu5s04/are_smu_departmental_scholarships_awarded_with/,0,10,2026-03-02T18:14:10.188421
post_1psbue0,Did anyone get rejected from SMU?,Did anyone get rejected from SMU?,old_reddit_selenium,SMU,submission,https://old.reddit.com/r/SMU/comments/1psbue0/did_anyone_get_rejected_from_smu/,0,6,2026-03-02T18:14:10.314072
post_1phz7u7,SMU Dedman School of Law to relocate across US-75,SMU Dedman School of Law to relocate across US-75,old_reddit_selenium,SMU,submission,https://old.reddit.com/r/SMU/comments/1phz7u7/smu_dedman_school_of_law_to_relocate_across_us75/,12,9,2026-03-02T18:14:15.710069
post_1pfuwof,Master graduation gown cap set rent borrow purchase needed.,Master graduation gown cap set rent borrow purchase needed.,old_reddit_selenium,SMU,submission,https://old.reddit.com/r/SMU/comments/1pfuwof/master_graduation_gown_cap_set_rent_borrow/,0,9,2026-03-02T18:14:19.457419
post_1pccyy0,"SMU-Friendly 3BR Home  Perfect for Roommates  Near NorthPark, Food, Transit  Private Corner Lot","SMU-Friendly 3BR Home  Perfect for Roommates  Near NorthPark, Food, Transit  Private Corner Lot",old_reddit_selenium,SMU,submission,https://old.reddit.com/r/SMU/comments/1pccyy0/smufriendly_3br_home_perfect_for_roommates_near/,0,13,2026-03-02T18:14:19.584923
post_1p8ifpu,Chance me for SMU COX,Chance me for SMU COX,old_reddit_selenium,SMU,submission,https://old.reddit.com/r/SMU/comments/1p8ifpu/chance_me_for_smu_cox/,0,5,2026-03-02T18:14:19.709567
post_1p4z573,Got rejected from SMUs masters program  I have some questions.,Got rejected from SMUs masters program  I have some questions.,old_reddit_selenium,SMU,submission,https://old.reddit.com/r/SMU/comments/1p4z573/got_rejected_from_smus_masters_program_i_have/,11,10,2026-03-02T18:14:19.839963
post_1p594pd,Chances for SMU Political Science test optional,Chances for SMU Political Science test optional,old_reddit_selenium,SMU,submission,https://old.reddit.com/r/SMU/comments/1p594pd/chances_for_smu_political_science_test_optional/,1,7,2026-03-02T18:14:25.459683
post_1p49cj3,Should I go test-optional with my 1320 SAT,Should I go test-optional with my 1320 SAT,old_reddit_selenium,SMU,submission,https://old.reddit.com/r/SMU/comments/1p49cj3/should_i_go_testoptional_with_my_1320_sat/,2,8,2026-03-02T18:14:25.535215
post_1p2y3lr,Is it possible for me to get into engineering at SMU?,Is it possible for me to get into engineering at SMU?,old_reddit_selenium,SMU,submission,https://old.reddit.com/r/SMU/comments/1p2y3lr/is_it_possible_for_me_to_get_into_engineering_at/,0,11,2026-03-02T18:14:25.590461
post_1owv4td,SMU law school professor reported missing in North Georgia,SMU law school professor reported missing in North Georgia,old_reddit_selenium,SMU,submission,https://old.reddit.com/r/SMU/comments/1owv4td/smu_law_school_professor_reported_missing_in/,15,9,2026-03-02T18:14:25.678534
post_1owmwhn,Needing Recomendations for Easy Advanced Economics Course,Needing Recomendations for Easy Advanced Economics Course,old_reddit_selenium,SMU,submission,https://old.reddit.com/r/SMU/comments/1owmwhn/needing_recomendations_for_easy_advanced/,4,7,2026-03-02T18:14:25.696665
post_1oq5j59,SMU Grads  Capture Your Moment!,SMU Grads  Capture Your Moment!,old_reddit_selenium,SMU,submission,https://old.reddit.com/r/SMU/comments/1oq5j59/smu_grads_capture_your_moment/,0,5,2026-03-02T18:14:25.900234
post_1op66su,Miami asks ACC for clarity on officiating decisions made in loss to SMU,Miami asks ACC for clarity on officiating decisions made in loss to SMU,old_reddit_selenium,SMU,submission,https://old.reddit.com/r/SMU/comments/1op66su/miami_asks_acc_for_clarity_on_officiating/,23,13,2026-03-02T18:14:31.600749
post_1opiihm,Are you looking for housing near SMU? IMMEDIATE MOVE IN AVAILABLE,Are you looking for housing near SMU? IMMEDIATE MOVE IN AVAILABLE,old_reddit_selenium,SMU,submission,https://old.reddit.com/r/SMU/comments/1opiihm/are_you_looking_for_housing_near_smu_immediate/,0,11,2026-03-02T18:14:31.640039
post_1oo6qwp,Anyone here interviewed for the SMU MSF program? Looking for insights!,Anyone here interviewed for the SMU MSF program? Looking for insights!,old_reddit_selenium,SMU,submission,https://old.reddit.com/r/SMU/comments/1oo6qwp/anyone_here_interviewed_for_the_smu_msf_program/,0,11,2026-03-02T18:14:31.731777
post_1om10k0,SMU defeats No. 10 Miami in overtime thriller with Harden's walk-off TD,SMU defeats No. 10 Miami in overtime thriller with Harden's walk-off TD,old_reddit_selenium,SMU,submission,https://old.reddit.com/r/SMU/comments/1om10k0/smu_defeats_no_10_miami_in_overtime_thriller_with/,71,12,2026-03-02T18:14:31.837883
post_1olq6lo,SMU Lays Claim To Boston By Planting Its Flag At Historic Landmark Before Unusual Conference Game,SMU Lays Claim To Boston By Planting Its Flag At Historic Landmark Before Unusual Conference Game,old_reddit_selenium,SMU,submission,https://old.reddit.com/r/SMU/comments/1olq6lo/smu_lays_claim_to_boston_by_planting_its_flag_at/,6,16,2026-03-02T18:14:31.853648
post_1ok33ax,Does SMU offer a good amount of online classes?,Does SMU offer a good amount of online classes?,old_reddit_selenium,SMU,submission,https://old.reddit.com/r/SMU/comments/1ok33ax/does_smu_offer_a_good_amount_of_online_classes/,5,9,2026-03-02T18:14:31.889616
post_1okkeq0,Are SMU students this salty???,Are SMU students this salty???,old_reddit_selenium,SMU,submission,https://old.reddit.com/r/SMU/comments/1okkeq0/are_smu_students_this_salty/,0,5,2026-03-02T18:14:31.926087
post_1oja4sw,What Did Dinosaurs Sound Like? This SMU Band Has a Jazzy Guess.,What Did Dinosaurs Sound Like? This SMU Band Has a Jazzy Guess.,old_reddit_selenium,SMU,submission,https://old.reddit.com/r/SMU/comments/1oja4sw/what_did_dinosaurs_sound_like_this_smu_band_has_a/,4,12,2026-03-02T18:14:31.960006
post_1ohv6ta,Transfer gpa when re-taking classes,Transfer gpa when re-taking classes,old_reddit_selenium,SMU,submission,https://old.reddit.com/r/SMU/comments/1ohv6ta/transfer_gpa_when_retaking_classes/,4,5,2026-03-02T18:14:31.996043
post_1ohsvgn,Looking for SMU vs. Miami tickets,Looking for SMU vs. Miami tickets,old_reddit_selenium,SMU,submission,https://old.reddit.com/r/SMU/comments/1ohsvgn/looking_for_smu_vs_miami_tickets/,1,6,2026-03-02T18:14:32.013981
post_1oh1hr9,Trip to Dallas for My 9-Year-Old SMU Fan Nov 22nd Game! - Need Budget Tips  Must-Dos!,Trip to Dallas for My 9-Year-Old SMU Fan Nov 22nd Game! - Need Budget Tips  Must-Dos!,old_reddit_selenium,SMU,submission,https://old.reddit.com/r/SMU/comments/1oh1hr9/trip_to_dallas_for_my_9yearold_smu_fan_nov_22nd/,56,16,2026-03-02T18:14:32.037434
post_1ogih66,2 Tickets for SMU vs. Miami  Section 226 Row 10,2 Tickets for SMU vs. Miami  Section 226 Row 10,old_reddit_selenium,SMU,submission,https://old.reddit.com/r/SMU/comments/1ogih66/2_tickets_for_smu_vs_miami_section_226_row_10/,0,10,2026-03-02T18:14:36.675290
post_1oeeryf,"Are you between the ages of 18-19, drinking alcohol, and looking to make a positive impact on the field of neuroscience? Participate in our groundbreaking study aimed at understanding adolescent development and brain health. Details below!","Are you between the ages of 18-19, drinking alcohol, and looking to make a positive impact on the field of neuroscience? Participate in our groundbreaking study aimed at understanding adolescent development and brain health. Details below!",old_reddit_selenium,SMU,submission,https://old.reddit.com/r/SMU/comments/1oeeryf/are_you_between_the_ages_of_1819_drinking_alcohol/,0,36,2026-03-02T18:14:36.767601
post_1oacb3a,Would I get accepted into SMU with these stats as an early high school graduate?,Would I get accepted into SMU with these stats as an early high school graduate?,old_reddit_selenium,SMU,submission,https://old.reddit.com/r/SMU/comments/1oacb3a/would_i_get_accepted_into_smu_with_these_stats_as/,2,15,2026-03-02T18:14:36.964912
